Pathway_ID	Pathway_NAME	ALL_Pathway_NAMES
map00010	Glycolysis / Gluconeogenesis	Glycolysis / Gluconeogenesis|
map00020	Citrate cycle (TCA cycle)	Citrate cycle (TCA cycle)|
map00030	Pentose phosphate pathway	Pentose phosphate pathway|
map00040	Pentose and glucuronate interconversions	Pentose and glucuronate interconversions|
map00051	Fructose and mannose metabolism	Fructose and mannose metabolism|
map00052	Galactose metabolism	Galactose metabolism|
map00053	Ascorbate and aldarate metabolism	Ascorbate and aldarate metabolism|
map00061	Fatty acid biosynthesis	Fatty acid biosynthesis|
map00062	Fatty acid elongation	Fatty acid elongation|
map00071	Fatty acid degradation	Fatty acid degradation|
map00072	Synthesis and degradation of ketone bodies	Synthesis and degradation of ketone bodies|
map00073	Cutin, suberine and wax biosynthesis	Cutin, suberine and wax biosynthesis|
map00100	Steroid biosynthesis	Steroid biosynthesis|
map00120	Primary bile acid biosynthesis	Primary bile acid biosynthesis|
map00121	Secondary bile acid biosynthesis	Secondary bile acid biosynthesis|
map00130	Ubiquinone and other terpenoid-quinone biosynthesis	Ubiquinone and other terpenoid-quinone biosynthesis|
map00140	Steroid hormone biosynthesis	Steroid hormone biosynthesis|
map00190	Oxidative phosphorylation	Oxidative phosphorylation|
map00195	Photosynthesis	Photosynthesis|
map00196	Photosynthesis - antenna proteins	Photosynthesis - antenna proteins|
map00220	Arginine biosynthesis	Arginine biosynthesis|
map00230	Purine metabolism	Purine metabolism|
map00232	Caffeine metabolism	Caffeine metabolism|
map00240	Pyrimidine metabolism	Pyrimidine metabolism|
map00250	Alanine, aspartate and glutamate metabolism	Alanine, aspartate and glutamate metabolism|
map00253	Tetracycline biosynthesis	Tetracycline biosynthesis|
map00254	Aflatoxin biosynthesis	Aflatoxin biosynthesis|
map00260	Glycine, serine and threonine metabolism	Glycine, serine and threonine metabolism|
map00261	Monobactam biosynthesis	Monobactam biosynthesis|
map00270	Cysteine and methionine metabolism	Cysteine and methionine metabolism|
map00280	Valine, leucine and isoleucine degradation	Valine, leucine and isoleucine degradation|
map00281	Geraniol degradation	Geraniol degradation|
map00290	Valine, leucine and isoleucine biosynthesis	Valine, leucine and isoleucine biosynthesis|
map00300	Lysine biosynthesis	Lysine biosynthesis|
map00310	Lysine degradation	Lysine degradation|
map00311	Penicillin and cephalosporin biosynthesis	Penicillin and cephalosporin biosynthesis|
map00330	Arginine and proline metabolism	Arginine and proline metabolism|
map00331	Clavulanic acid biosynthesis	Clavulanic acid biosynthesis|
map00332	Carbapenem biosynthesis	Carbapenem biosynthesis|
map00333	Prodigiosin biosynthesis	Prodigiosin biosynthesis|
map00340	Histidine metabolism	Histidine metabolism|
map00350	Tyrosine metabolism	Tyrosine metabolism|
map00360	Phenylalanine metabolism	Phenylalanine metabolism|
map00361	Chlorocyclohexane and chlorobenzene degradation	Chlorocyclohexane and chlorobenzene degradation|
map00362	Benzoate degradation	Benzoate degradation|
map00363	Bisphenol degradation	Bisphenol degradation|
map00364	Fluorobenzoate degradation	Fluorobenzoate degradation|
map00365	Furfural degradation	Furfural degradation|
map00380	Tryptophan metabolism	Tryptophan metabolism|
map00400	Phenylalanine, tyrosine and tryptophan biosynthesis	Phenylalanine, tyrosine and tryptophan biosynthesis|
map00401	Novobiocin biosynthesis	Novobiocin biosynthesis|
map00402	Benzoxazinoid biosynthesis	Benzoxazinoid biosynthesis|
map00403	Indole diterpene alkaloid biosynthesis	Indole diterpene alkaloid biosynthesis|
map00404	Staurosporine biosynthesis	Staurosporine biosynthesis|
map00405	Phenazine biosynthesis	Phenazine biosynthesis|
map00410	beta-Alanine metabolism	beta-Alanine metabolism|
map00430	Taurine and hypotaurine metabolism	Taurine and hypotaurine metabolism|
map00440	Phosphonate and phosphinate metabolism	Phosphonate and phosphinate metabolism|
map00450	Selenocompound metabolism	Selenocompound metabolism|
map00460	Cyanoamino acid metabolism	Cyanoamino acid metabolism|
map00471	D-Glutamine and D-glutamate metabolism	D-Glutamine and D-glutamate metabolism|
map00472	D-Arginine and D-ornithine metabolism	D-Arginine and D-ornithine metabolism|
map00473	D-Alanine metabolism	D-Alanine metabolism|
map00480	Glutathione metabolism	Glutathione metabolism|
map00500	Starch and sucrose metabolism	Starch and sucrose metabolism|
map00510	N-Glycan biosynthesis	N-Glycan biosynthesis|
map00511	Other glycan degradation	Other glycan degradation|
map00512	Mucin type O-glycan biosynthesis	Mucin type O-glycan biosynthesis|
map00513	Various types of N-glycan biosynthesis	Various types of N-glycan biosynthesis|
map00514	Other types of O-glycan biosynthesis	Other types of O-glycan biosynthesis|
map00515	Mannose type O-glycan biosynthesis	Mannose type O-glycan biosynthesis|
map00520	Amino sugar and nucleotide sugar metabolism	Amino sugar and nucleotide sugar metabolism|
map00521	Streptomycin biosynthesis	Streptomycin biosynthesis|
map00522	Biosynthesis of 12-, 14- and 16-membered macrolides	Biosynthesis of 12-, 14- and 16-membered macrolides|
map00523	Polyketide sugar unit biosynthesis	Polyketide sugar unit biosynthesis|
map00524	Neomycin, kanamycin and gentamicin biosynthesis	Neomycin, kanamycin and gentamicin biosynthesis|
map00525	Acarbose and validamycin biosynthesis	Acarbose and validamycin biosynthesis|
map00531	Glycosaminoglycan degradation	Glycosaminoglycan degradation|
map00532	Glycosaminoglycan biosynthesis - chondroitin sulfate / dermatan sulfate	Glycosaminoglycan biosynthesis - chondroitin sulfate / dermatan sulfate|
map00533	Glycosaminoglycan biosynthesis - keratan sulfate	Glycosaminoglycan biosynthesis - keratan sulfate|
map00534	Glycosaminoglycan biosynthesis - heparan sulfate / heparin	Glycosaminoglycan biosynthesis - heparan sulfate / heparin|
map00540	Lipopolysaccharide biosynthesis	Lipopolysaccharide biosynthesis|
map00550	Peptidoglycan biosynthesis	Peptidoglycan biosynthesis|
map00561	Glycerolipid metabolism	Glycerolipid metabolism|
map00562	Inositol phosphate metabolism	Inositol phosphate metabolism|
map00563	Glycosylphosphatidylinositol (GPI)-anchor biosynthesis	Glycosylphosphatidylinositol (GPI)-anchor biosynthesis|
map00564	Glycerophospholipid metabolism	Glycerophospholipid metabolism|
map00565	Ether lipid metabolism	Ether lipid metabolism|
map00571	Lipoarabinomannan (LAM) biosynthesis	Lipoarabinomannan (LAM) biosynthesis|
map00572	Arabinogalactan biosynthesis - Mycobacterium	Arabinogalactan biosynthesis - Mycobacterium|
map00590	Arachidonic acid metabolism	Arachidonic acid metabolism|
map00591	Linoleic acid metabolism	Linoleic acid metabolism|
map00592	alpha-Linolenic acid metabolism	alpha-Linolenic acid metabolism|
map00600	Sphingolipid metabolism	Sphingolipid metabolism|
map00601	Glycosphingolipid biosynthesis - lacto and neolacto series	Glycosphingolipid biosynthesis - lacto and neolacto series|
map00603	Glycosphingolipid biosynthesis - globo and isoglobo series	Glycosphingolipid biosynthesis - globo and isoglobo series|
map00604	Glycosphingolipid biosynthesis - ganglio series	Glycosphingolipid biosynthesis - ganglio series|
map00620	Pyruvate metabolism	Pyruvate metabolism|
map00621	Dioxin degradation	Dioxin degradation|
map00622	Xylene degradation	Xylene degradation|
map00623	Toluene degradation	Toluene degradation|
map00624	Polycyclic aromatic hydrocarbon degradation	Polycyclic aromatic hydrocarbon degradation|
map00625	Chloroalkane and chloroalkene degradation	Chloroalkane and chloroalkene degradation|
map00626	Naphthalene degradation	Naphthalene degradation|
map00627	Aminobenzoate degradation	Aminobenzoate degradation|
map00630	Glyoxylate and dicarboxylate metabolism	Glyoxylate and dicarboxylate metabolism|
map00633	Nitrotoluene degradation	Nitrotoluene degradation|
map00640	Propanoate metabolism	Propanoate metabolism|
map00642	Ethylbenzene degradation	Ethylbenzene degradation|
map00643	Styrene degradation	Styrene degradation|
map00650	Butanoate metabolism	Butanoate metabolism|
map00660	C5-Branched dibasic acid metabolism	C5-Branched dibasic acid metabolism|
map00670	One carbon pool by folate	One carbon pool by folate|
map00680	Methane metabolism	Methane metabolism|
map00710	Carbon fixation in photosynthetic organisms	Carbon fixation in photosynthetic organisms|
map00720	Carbon fixation pathways in prokaryotes	Carbon fixation pathways in prokaryotes|
map00730	Thiamine metabolism	Thiamine metabolism|
map00740	Riboflavin metabolism	Riboflavin metabolism|
map00750	Vitamin B6 metabolism	Vitamin B6 metabolism|
map00760	Nicotinate and nicotinamide metabolism	Nicotinate and nicotinamide metabolism|
map00770	Pantothenate and CoA biosynthesis	Pantothenate and CoA biosynthesis|
map00780	Biotin metabolism	Biotin metabolism|
map00785	Lipoic acid metabolism	Lipoic acid metabolism|
map00790	Folate biosynthesis	Folate biosynthesis|
map00791	Atrazine degradation	Atrazine degradation|
map00830	Retinol metabolism	Retinol metabolism|
map00860	Porphyrin and chlorophyll metabolism	Porphyrin and chlorophyll metabolism|
map00900	Terpenoid backbone biosynthesis	Terpenoid backbone biosynthesis|
map00901	Indole alkaloid biosynthesis	Indole alkaloid biosynthesis|
map00902	Monoterpenoid biosynthesis	Monoterpenoid biosynthesis|
map00903	Limonene and pinene degradation	Limonene and pinene degradation|
map00904	Diterpenoid biosynthesis	Diterpenoid biosynthesis|
map00905	Brassinosteroid biosynthesis	Brassinosteroid biosynthesis|
map00906	Carotenoid biosynthesis	Carotenoid biosynthesis|
map00908	Zeatin biosynthesis	Zeatin biosynthesis|
map00909	Sesquiterpenoid and triterpenoid biosynthesis	Sesquiterpenoid and triterpenoid biosynthesis|
map00910	Nitrogen metabolism	Nitrogen metabolism|
map00920	Sulfur metabolism	Sulfur metabolism|
map00930	Caprolactam degradation	Caprolactam degradation|
map00940	Phenylpropanoid biosynthesis	Phenylpropanoid biosynthesis|
map00941	Flavonoid biosynthesis	Flavonoid biosynthesis|
map00942	Anthocyanin biosynthesis	Anthocyanin biosynthesis|
map00943	Isoflavonoid biosynthesis	Isoflavonoid biosynthesis|
map00944	Flavone and flavonol biosynthesis	Flavone and flavonol biosynthesis|
map00945	Stilbenoid, diarylheptanoid and gingerol biosynthesis	Stilbenoid, diarylheptanoid and gingerol biosynthesis|
map00950	Isoquinoline alkaloid biosynthesis	Isoquinoline alkaloid biosynthesis|
map00960	Tropane, piperidine and pyridine alkaloid biosynthesis	Tropane, piperidine and pyridine alkaloid biosynthesis|
map00965	Betalain biosynthesis	Betalain biosynthesis|
map00966	Glucosinolate biosynthesis	Glucosinolate biosynthesis|
map00970	Aminoacyl-tRNA biosynthesis	Aminoacyl-tRNA biosynthesis|
map00980	Metabolism of xenobiotics by cytochrome P450	Metabolism of xenobiotics by cytochrome P450|
map00981	Insect hormone biosynthesis	Insect hormone biosynthesis|
map00982	Drug metabolism - cytochrome P450	Drug metabolism - cytochrome P450|
map00983	Drug metabolism - other enzymes	Drug metabolism - other enzymes|
map00984	Steroid degradation	Steroid degradation|
map00997	Biosynthesis of various secondary metabolites - part 3	Biosynthesis of various secondary metabolites - part 3|
map00998	Biosynthesis of various secondary metabolites - part 2	Biosynthesis of various secondary metabolites - part 2|
map00999	Biosynthesis of various secondary metabolites - part 1	Biosynthesis of various secondary metabolites - part 1|
map01010	Overview of biosynthetic pathways	Overview of biosynthetic pathways|
map01040	Biosynthesis of unsaturated fatty acids	Biosynthesis of unsaturated fatty acids|
map01051	Biosynthesis of ansamycins	Biosynthesis of ansamycins|
map01052	Type I polyketide structures	Type I polyketide structures|
map01053	Biosynthesis of siderophore group nonribosomal peptides	Biosynthesis of siderophore group nonribosomal peptides|
map01054	Nonribosomal peptide structures	Nonribosomal peptide structures|
map01055	Biosynthesis of vancomycin group antibiotics	Biosynthesis of vancomycin group antibiotics|
map01056	Biosynthesis of type II polyketide backbone	Biosynthesis of type II polyketide backbone|
map01057	Biosynthesis of type II polyketide products	Biosynthesis of type II polyketide products|
map01058	Acridone alkaloid biosynthesis	Acridone alkaloid biosynthesis|
map01059	Biosynthesis of enediyne antibiotics	Biosynthesis of enediyne antibiotics|
map01060	Biosynthesis of plant secondary metabolites	Biosynthesis of plant secondary metabolites|
map01061	Biosynthesis of phenylpropanoids	Biosynthesis of phenylpropanoids|
map01062	Biosynthesis of terpenoids and steroids	Biosynthesis of terpenoids and steroids|
map01063	Biosynthesis of alkaloids derived from shikimate pathway	Biosynthesis of alkaloids derived from shikimate pathway|
map01064	Biosynthesis of alkaloids derived from ornithine, lysine and nicotinic acid	Biosynthesis of alkaloids derived from ornithine, lysine and nicotinic acid|
map01065	Biosynthesis of alkaloids derived from histidine and purine	Biosynthesis of alkaloids derived from histidine and purine|
map01066	Biosynthesis of alkaloids derived from terpenoid and polyketide	Biosynthesis of alkaloids derived from terpenoid and polyketide|
map01070	Biosynthesis of plant hormones	Biosynthesis of plant hormones|
map01100	Metabolic pathways	Metabolic pathways|
map01110	Biosynthesis of secondary metabolites	Biosynthesis of secondary metabolites|
map01120	Microbial metabolism in diverse environments	Microbial metabolism in diverse environments|
map01200	Carbon metabolism	Carbon metabolism|
map01210	2-Oxocarboxylic acid metabolism	2-Oxocarboxylic acid metabolism|
map01212	Fatty acid metabolism	Fatty acid metabolism|
map01220	Degradation of aromatic compounds	Degradation of aromatic compounds|
map01230	Biosynthesis of amino acids	Biosynthesis of amino acids|
map01501	beta-Lactam resistance	beta-Lactam resistance|
map01502	Vancomycin resistance	Vancomycin resistance|
map01503	Cationic antimicrobial peptide (CAMP) resistance	Cationic antimicrobial peptide (CAMP) resistance|
map01521	EGFR tyrosine kinase inhibitor resistance	EGFR tyrosine kinase inhibitor resistance|
map01522	Endocrine resistance	Endocrine resistance|
map01523	Antifolate resistance	Antifolate resistance|
map01524	Platinum drug resistance	Platinum drug resistance|
map02010	ABC transporters	ABC transporters|
map02020	Two-component system	Two-component system|
map02024	Quorum sensing	Quorum sensing|
map02025	Biofilm formation - Pseudomonas aeruginosa	Biofilm formation - Pseudomonas aeruginosa|
map02026	Biofilm formation - Escherichia coli	Biofilm formation - Escherichia coli|
map02030	Bacterial chemotaxis	Bacterial chemotaxis|
map02040	Flagellar assembly	Flagellar assembly|
map02060	Phosphotransferase system (PTS)	Phosphotransferase system (PTS)|
map03008	Ribosome biogenesis in eukaryotes	Ribosome biogenesis in eukaryotes|
map03010	Ribosome	Ribosome|
map03013	RNA transport	RNA transport|
map03015	mRNA surveillance pathway	mRNA surveillance pathway|
map03018	RNA degradation	RNA degradation|
map03020	RNA polymerase	RNA polymerase|
map03022	Basal transcription factors	Basal transcription factors|
map03030	DNA replication	DNA replication|
map03040	Spliceosome	Spliceosome|
map03050	Proteasome	Proteasome|
map03060	Protein export	Protein export|
map03070	Bacterial secretion system	Bacterial secretion system|
map03320	PPAR signaling pathway	PPAR signaling pathway|
map03410	Base excision repair	Base excision repair|
map03420	Nucleotide excision repair	Nucleotide excision repair|
map03430	Mismatch repair	Mismatch repair|
map03440	Homologous recombination	Homologous recombination|
map03450	Non-homologous end-joining	Non-homologous end-joining|
map03460	Fanconi anemia pathway	Fanconi anemia pathway|
map04010	MAPK signaling pathway	MAPK signaling pathway|
map04011	MAPK signaling pathway - yeast	MAPK signaling pathway - yeast|
map04012	ErbB signaling pathway	ErbB signaling pathway|
map04013	MAPK signaling pathway - fly	MAPK signaling pathway - fly|
map04014	Ras signaling pathway	Ras signaling pathway|
map04015	Rap1 signaling pathway	Rap1 signaling pathway|
map04016	MAPK signaling pathway - plant	MAPK signaling pathway - plant|
map04020	Calcium signaling pathway	Calcium signaling pathway|
map04022	cGMP-PKG signaling pathway	cGMP-PKG signaling pathway|
map04024	cAMP signaling pathway	cAMP signaling pathway|
map04060	Cytokine-cytokine receptor interaction	Cytokine-cytokine receptor interaction|
map04061	Viral protein interaction with cytokine and cytokine receptor	Viral protein interaction with cytokine and cytokine receptor|
map04062	Chemokine signaling pathway	Chemokine signaling pathway|
map04064	NF-kappa B signaling pathway	NF-kappa B signaling pathway|
map04066	HIF-1 signaling pathway	HIF-1 signaling pathway|
map04068	FoxO signaling pathway	FoxO signaling pathway|
map04070	Phosphatidylinositol signaling system	Phosphatidylinositol signaling system|
map04071	Sphingolipid signaling pathway	Sphingolipid signaling pathway|
map04072	Phospholipase D signaling pathway	Phospholipase D signaling pathway|
map04075	Plant hormone signal transduction	Plant hormone signal transduction|
map04080	Neuroactive ligand-receptor interaction	Neuroactive ligand-receptor interaction|
map04110	Cell cycle	Cell cycle|
map04111	Cell cycle - yeast	Cell cycle - yeast|
map04112	Cell cycle - Caulobacter	Cell cycle - Caulobacter|
map04113	Meiosis - yeast	Meiosis - yeast|
map04114	Oocyte meiosis	Oocyte meiosis|
map04115	p53 signaling pathway	p53 signaling pathway|
map04120	Ubiquitin mediated proteolysis	Ubiquitin mediated proteolysis|
map04122	Sulfur relay system	Sulfur relay system|
map04130	SNARE interactions in vesicular transport	SNARE interactions in vesicular transport|
map04136	Autophagy - other	Autophagy - other|
map04137	Mitophagy - animal	Mitophagy - animal|
map04138	Autophagy - yeast	Autophagy - yeast|
map04139	Mitophagy - yeast	Mitophagy - yeast|
map04140	Autophagy - animal	Autophagy - animal|
map04141	Protein processing in endoplasmic reticulum	Protein processing in endoplasmic reticulum|
map04142	Lysosome	Lysosome|
map04144	Endocytosis	Endocytosis|
map04145	Phagosome	Phagosome|
map04146	Peroxisome	Peroxisome|
map04150	mTOR signaling pathway	mTOR signaling pathway|
map04151	PI3K-Akt signaling pathway	PI3K-Akt signaling pathway|
map04152	AMPK signaling pathway	AMPK signaling pathway|
map04210	Apoptosis	Apoptosis|
map04211	Longevity regulating pathway	Longevity regulating pathway|
map04212	Longevity regulating pathway - worm	Longevity regulating pathway - worm|
map04213	Longevity regulating pathway - multiple species	Longevity regulating pathway - multiple species|
map04214	Apoptosis - fly	Apoptosis - fly|
map04215	Apoptosis - multiple species	Apoptosis - multiple species|
map04216	Ferroptosis	Ferroptosis|
map04217	Necroptosis	Necroptosis|
map04218	Cellular senescence	Cellular senescence|
map04260	Cardiac muscle contraction	Cardiac muscle contraction|
map04261	Adrenergic signaling in cardiomyocytes	Adrenergic signaling in cardiomyocytes|
map04270	Vascular smooth muscle contraction	Vascular smooth muscle contraction|
map04310	Wnt signaling pathway	Wnt signaling pathway|
map04320	Dorso-ventral axis formation	Dorso-ventral axis formation|
map04330	Notch signaling pathway	Notch signaling pathway|
map04340	Hedgehog signaling pathway	Hedgehog signaling pathway|
map04341	Hedgehog signaling pathway - fly	Hedgehog signaling pathway - fly|
map04350	TGF-beta signaling pathway	TGF-beta signaling pathway|
map04360	Axon guidance	Axon guidance|
map04361	Axon regeneration	Axon regeneration|
map04370	VEGF signaling pathway	VEGF signaling pathway|
map04371	Apelin signaling pathway	Apelin signaling pathway|
map04380	Osteoclast differentiation	Osteoclast differentiation|
map04390	Hippo signaling pathway	Hippo signaling pathway|
map04391	Hippo signaling pathway - fly	Hippo signaling pathway - fly|
map04392	Hippo signaling pathway - multiple species	Hippo signaling pathway - multiple species|
map04510	Focal adhesion	Focal adhesion|
map04512	ECM-receptor interaction	ECM-receptor interaction|
map04514	Cell adhesion molecules (CAMs)	Cell adhesion molecules (CAMs)|
map04520	Adherens junction	Adherens junction|
map04530	Tight junction	Tight junction|
map04540	Gap junction	Gap junction|
map04550	Signaling pathways regulating pluripotency of stem cells	Signaling pathways regulating pluripotency of stem cells|
map04610	Complement and coagulation cascades	Complement and coagulation cascades|
map04611	Platelet activation	Platelet activation|
map04612	Antigen processing and presentation	Antigen processing and presentation|
map04614	Renin-angiotensin system	Renin-angiotensin system|
map04620	Toll-like receptor signaling pathway	Toll-like receptor signaling pathway|
map04621	NOD-like receptor signaling pathway	NOD-like receptor signaling pathway|
map04622	RIG-I-like receptor signaling pathway	RIG-I-like receptor signaling pathway|
map04623	Cytosolic DNA-sensing pathway	Cytosolic DNA-sensing pathway|
map04624	Toll and Imd signaling pathway	Toll and Imd signaling pathway|
map04625	C-type lectin receptor signaling pathway	C-type lectin receptor signaling pathway|
map04626	Plant-pathogen interaction	Plant-pathogen interaction|
map04630	JAK-STAT signaling pathway	JAK-STAT signaling pathway|
map04640	Hematopoietic cell lineage	Hematopoietic cell lineage|
map04650	Natural killer cell mediated cytotoxicity	Natural killer cell mediated cytotoxicity|
map04657	IL-17 signaling pathway	IL-17 signaling pathway|
map04658	Th1 and Th2 cell differentiation	Th1 and Th2 cell differentiation|
map04659	Th17 cell differentiation	Th17 cell differentiation|
map04660	T cell receptor signaling pathway	T cell receptor signaling pathway|
map04662	B cell receptor signaling pathway	B cell receptor signaling pathway|
map04664	Fc epsilon RI signaling pathway	Fc epsilon RI signaling pathway|
map04666	Fc gamma R-mediated phagocytosis	Fc gamma R-mediated phagocytosis|
map04668	TNF signaling pathway	TNF signaling pathway|
map04670	Leukocyte transendothelial migration	Leukocyte transendothelial migration|
map04672	Intestinal immune network for IgA production	Intestinal immune network for IgA production|
map04710	Circadian rhythm	Circadian rhythm|
map04711	Circadian rhythm - fly	Circadian rhythm - fly|
map04712	Circadian rhythm - plant	Circadian rhythm - plant|
map04713	Circadian entrainment	Circadian entrainment|
map04714	Thermogenesis	Thermogenesis|
map04720	Long-term potentiation	Long-term potentiation|
map04721	Synaptic vesicle cycle	Synaptic vesicle cycle|
map04722	Neurotrophin signaling pathway	Neurotrophin signaling pathway|
map04723	Retrograde endocannabinoid signaling	Retrograde endocannabinoid signaling|
map04724	Glutamatergic synapse	Glutamatergic synapse|
map04725	Cholinergic synapse	Cholinergic synapse|
map04726	Serotonergic synapse	Serotonergic synapse|
map04727	GABAergic synapse	GABAergic synapse|
map04728	Dopaminergic synapse	Dopaminergic synapse|
map04730	Long-term depression	Long-term depression|
map04740	Olfactory transduction	Olfactory transduction|
map04742	Taste transduction	Taste transduction|
map04744	Phototransduction	Phototransduction|
map04745	Phototransduction - fly	Phototransduction - fly|
map04750	Inflammatory mediator regulation of TRP channels	Inflammatory mediator regulation of TRP channels|
map04810	Regulation of actin cytoskeleton	Regulation of actin cytoskeleton|
map04910	Insulin signaling pathway	Insulin signaling pathway|
map04911	Insulin secretion	Insulin secretion|
map04912	GnRH signaling pathway	GnRH signaling pathway|
map04913	Ovarian steroidogenesis	Ovarian steroidogenesis|
map04914	Progesterone-mediated oocyte maturation	Progesterone-mediated oocyte maturation|
map04915	Estrogen signaling pathway	Estrogen signaling pathway|
map04916	Melanogenesis	Melanogenesis|
map04917	Prolactin signaling pathway	Prolactin signaling pathway|
map04918	Thyroid hormone synthesis	Thyroid hormone synthesis|
map04919	Thyroid hormone signaling pathway	Thyroid hormone signaling pathway|
map04920	Adipocytokine signaling pathway	Adipocytokine signaling pathway|
map04921	Oxytocin signaling pathway	Oxytocin signaling pathway|
map04922	Glucagon signaling pathway	Glucagon signaling pathway|
map04923	Regulation of lipolysis in adipocytes	Regulation of lipolysis in adipocytes|
map04924	Renin secretion	Renin secretion|
map04925	Aldosterone synthesis and secretion	Aldosterone synthesis and secretion|
map04926	Relaxin signaling pathway	Relaxin signaling pathway|
map04927	Cortisol synthesis and secretion	Cortisol synthesis and secretion|
map04928	Parathyroid hormone synthesis, secretion and action	Parathyroid hormone synthesis, secretion and action|
map04929	GnRH secretion	GnRH secretion|
map04930	Type II diabetes mellitus	Type II diabetes mellitus|
map04931	Insulin resistance	Insulin resistance|
map04932	Non-alcoholic fatty liver disease (NAFLD)	Non-alcoholic fatty liver disease (NAFLD)|
map04933	AGE-RAGE signaling pathway in diabetic complications	AGE-RAGE signaling pathway in diabetic complications|
map04934	Cushing syndrome	Cushing syndrome|
map04935	Growth hormone synthesis, secretion and action	Growth hormone synthesis, secretion and action|
map04940	Type I diabetes mellitus	Type I diabetes mellitus|
map04950	Maturity onset diabetes of the young	Maturity onset diabetes of the young|
map04960	Aldosterone-regulated sodium reabsorption	Aldosterone-regulated sodium reabsorption|
map04961	Endocrine and other factor-regulated calcium reabsorption	Endocrine and other factor-regulated calcium reabsorption|
map04962	Vasopressin-regulated water reabsorption	Vasopressin-regulated water reabsorption|
map04964	Proximal tubule bicarbonate reclamation	Proximal tubule bicarbonate reclamation|
map04966	Collecting duct acid secretion	Collecting duct acid secretion|
map04970	Salivary secretion	Salivary secretion|
map04971	Gastric acid secretion	Gastric acid secretion|
map04972	Pancreatic secretion	Pancreatic secretion|
map04973	Carbohydrate digestion and absorption	Carbohydrate digestion and absorption|
map04974	Protein digestion and absorption	Protein digestion and absorption|
map04975	Fat digestion and absorption	Fat digestion and absorption|
map04976	Bile secretion	Bile secretion|
map04977	Vitamin digestion and absorption	Vitamin digestion and absorption|
map04978	Mineral absorption	Mineral absorption|
map04979	Cholesterol metabolism	Cholesterol metabolism|
map05010	Alzheimer disease	Alzheimer disease|
map05012	Parkinson disease	Parkinson disease|
map05014	Amyotrophic lateral sclerosis (ALS)	Amyotrophic lateral sclerosis (ALS)|
map05016	Huntington disease	Huntington disease|
map05017	Spinocerebellar ataxia	Spinocerebellar ataxia|
map05020	Prion diseases	Prion diseases|
map05030	Cocaine addiction	Cocaine addiction|
map05031	Amphetamine addiction	Amphetamine addiction|
map05032	Morphine addiction	Morphine addiction|
map05033	Nicotine addiction	Nicotine addiction|
map05034	Alcoholism	Alcoholism|
map05100	Bacterial invasion of epithelial cells	Bacterial invasion of epithelial cells|
map05110	Vibrio cholerae infection	Vibrio cholerae infection|
map05111	Biofilm formation - Vibrio cholerae	Biofilm formation - Vibrio cholerae|
map05120	Epithelial cell signaling in Helicobacter pylori infection	Epithelial cell signaling in Helicobacter pylori infection|
map05130	Pathogenic Escherichia coli infection	Pathogenic Escherichia coli infection|
map05131	Shigellosis	Shigellosis|
map05132	Salmonella infection	Salmonella infection|
map05133	Pertussis	Pertussis|
map05134	Legionellosis	Legionellosis|
map05135	Yersinia infection	Yersinia infection|
map05140	Leishmaniasis	Leishmaniasis|
map05142	Chagas disease (American trypanosomiasis)	Chagas disease (American trypanosomiasis)|
map05143	African trypanosomiasis	African trypanosomiasis|
map05144	Malaria	Malaria|
map05145	Toxoplasmosis	Toxoplasmosis|
map05146	Amoebiasis	Amoebiasis|
map05150	Staphylococcus aureus infection	Staphylococcus aureus infection|
map05152	Tuberculosis	Tuberculosis|
map05160	Hepatitis C	Hepatitis C|
map05161	Hepatitis B	Hepatitis B|
map05162	Measles	Measles|
map05163	Human cytomegalovirus infection	Human cytomegalovirus infection|
map05164	Influenza A	Influenza A|
map05165	Human papillomavirus infection	Human papillomavirus infection|
map05166	Human T-cell leukemia virus 1 infection	Human T-cell leukemia virus 1 infection|
map05167	Kaposi sarcoma-associated herpesvirus infection	Kaposi sarcoma-associated herpesvirus infection|
map05168	Herpes simplex virus 1 infection	Herpes simplex virus 1 infection|
map05169	Epstein-Barr virus infection	Epstein-Barr virus infection|
map05170	Human immunodeficiency virus 1 infection	Human immunodeficiency virus 1 infection|
map05200	Pathways in cancer	Pathways in cancer|
map05202	Transcriptional misregulation in cancer	Transcriptional misregulation in cancer|
map05203	Viral carcinogenesis	Viral carcinogenesis|
map05204	Chemical carcinogenesis	Chemical carcinogenesis|
map05205	Proteoglycans in cancer	Proteoglycans in cancer|
map05206	MicroRNAs in cancer	MicroRNAs in cancer|
map05210	Colorectal cancer	Colorectal cancer|
map05211	Renal cell carcinoma	Renal cell carcinoma|
map05212	Pancreatic cancer	Pancreatic cancer|
map05213	Endometrial cancer	Endometrial cancer|
map05214	Glioma	Glioma|
map05215	Prostate cancer	Prostate cancer|
map05216	Thyroid cancer	Thyroid cancer|
map05217	Basal cell carcinoma	Basal cell carcinoma|
map05218	Melanoma	Melanoma|
map05219	Bladder cancer	Bladder cancer|
map05220	Chronic myeloid leukemia	Chronic myeloid leukemia|
map05221	Acute myeloid leukemia	Acute myeloid leukemia|
map05222	Small cell lung cancer	Small cell lung cancer|
map05223	Non-small cell lung cancer	Non-small cell lung cancer|
map05224	Breast cancer	Breast cancer|
map05225	Hepatocellular carcinoma	Hepatocellular carcinoma|
map05226	Gastric cancer	Gastric cancer|
map05230	Central carbon metabolism in cancer	Central carbon metabolism in cancer|
map05231	Choline metabolism in cancer	Choline metabolism in cancer|
map05235	PD-L1 expression and PD-1 checkpoint pathway in cancer	PD-L1 expression and PD-1 checkpoint pathway in cancer|
map05310	Asthma	Asthma|
map05320	Autoimmune thyroid disease	Autoimmune thyroid disease|
map05321	Inflammatory bowel disease (IBD)	Inflammatory bowel disease (IBD)|
map05322	Systemic lupus erythematosus	Systemic lupus erythematosus|
map05323	Rheumatoid arthritis	Rheumatoid arthritis|
map05330	Allograft rejection	Allograft rejection|
map05332	Graft-versus-host disease	Graft-versus-host disease|
map05340	Primary immunodeficiency	Primary immunodeficiency|
map05410	Hypertrophic cardiomyopathy (HCM)	Hypertrophic cardiomyopathy (HCM)|
map05412	Arrhythmogenic right ventricular cardiomyopathy (ARVC)	Arrhythmogenic right ventricular cardiomyopathy (ARVC)|
map05414	Dilated cardiomyopathy (DCM)	Dilated cardiomyopathy (DCM)|
map05416	Viral myocarditis	Viral myocarditis|
map05418	Fluid shear stress and atherosclerosis	Fluid shear stress and atherosclerosis|
map07011	Penicillins	Penicillins|
map07012	Cephalosporins - parenteral agents	Cephalosporins - parenteral agents|
map07013	Cephalosporins - oral agents	Cephalosporins - oral agents|
map07014	Quinolones	Quinolones|
map07015	Local analgesics	Local analgesics|
map07016	Sulfonamide derivatives - sulfa drugs	Sulfonamide derivatives - sulfa drugs|
map07017	Sulfonamide derivatives - diuretics	Sulfonamide derivatives - diuretics|
map07018	Sulfonamide derivatives - hypoglycemic agents	Sulfonamide derivatives - hypoglycemic agents|
map07019	Tetracyclines	Tetracyclines|
map07020	Macrolides and ketolides	Macrolides and ketolides|
map07021	Aminoglycosides	Aminoglycosides|
map07023	Rifamycins	Rifamycins|
map07024	HMG-CoA reductase inhibitors	HMG-CoA reductase inhibitors|
map07025	Quinolines	Quinolines|
map07026	Antifungal agents	Antifungal agents|
map07027	Antidepressants	Antidepressants|
map07028	Antipsychotics	Antipsychotics|
map07029	Antipsychotics - phenothiazines	Antipsychotics - phenothiazines|
map07030	Anxiolytics	Anxiolytics|
map07031	Antipsychotics - butyrophenones	Antipsychotics - butyrophenones|
map07032	Hypnotics	Hypnotics|
map07033	Anticonvulsants	Anticonvulsants|
map07034	Eicosanoids	Eicosanoids|
map07035	Prostaglandins	Prostaglandins|
map07036	Calcium channel blocking drugs	Calcium channel blocking drugs|
map07037	Antiarrhythmic drugs	Antiarrhythmic drugs|
map07038	Antiulcer drugs	Antiulcer drugs|
map07039	Opioid analgesics	Opioid analgesics|
map07040	Antineoplastics - alkylating agents	Antineoplastics - alkylating agents|
map07041	Antineoplastics - antimetabolic agents	Antineoplastics - antimetabolic agents|
map07042	Antineoplastics - agents from natural products	Antineoplastics - agents from natural products|
map07043	Antineoplastics - hormones	Antineoplastics - hormones|
map07044	Antiviral agents	Antiviral agents|
map07045	Antineoplastics - protein kinases inhibitors	Antineoplastics - protein kinases inhibitors|
map07046	Immunosuppressive agents	Immunosuppressive agents|
map07047	Osteoporosis drugs	Osteoporosis drugs|
map07048	Antimigraines	Antimigraines|
map07049	Antithrombosis agents	Antithrombosis agents|
map07050	Antirheumatics - DMARDs and biological agents	Antirheumatics - DMARDs and biological agents|
map07051	Antidiabetics	Antidiabetics|
map07052	Antidyslipidemic agents	Antidyslipidemic agents|
map07053	Anti-HIV agents	Anti-HIV agents|
map07054	Antiglaucoma agents	Antiglaucoma agents|
map07055	Sulfonamide derivatives - overview	Sulfonamide derivatives - overview|
map07056	Agents for Alzheimer-type dementia	Agents for Alzheimer-type dementia|
map07057	Antiparkinsonian agents	Antiparkinsonian agents|
map07110	Benzoic acid family	Benzoic acid family|
map07112	1,2-Diphenyl substitution family	1,2-Diphenyl substitution family|
map07114	Naphthalene family	Naphthalene family|
map07117	Benzodiazepine family	Benzodiazepine family|
map07211	Serotonin receptor agonists/antagonists	Serotonin receptor agonists/antagonists|
map07212	Histamine H1 receptor antagonists	Histamine H1 receptor antagonists|
map07213	Dopamine receptor agonists/antagonists	Dopamine receptor agonists/antagonists|
map07214	beta-Adrenergic receptor agonists/antagonists	beta-Adrenergic receptor agonists/antagonists|
map07215	alpha-Adrenergic receptor agonists/antagonists	alpha-Adrenergic receptor agonists/antagonists|
map07216	Catecholamine transferase inhibitors	Catecholamine transferase inhibitors|
map07217	Renin-angiotensin system inhibitors	Renin-angiotensin system inhibitors|
map07218	HIV protease inhibitors	HIV protease inhibitors|
map07219	Cyclooxygenase inhibitors	Cyclooxygenase inhibitors|
map07220	Cholinergic and anticholinergic drugs	Cholinergic and anticholinergic drugs|
map07221	Nicotinic cholinergic receptor antagonists	Nicotinic cholinergic receptor antagonists|
map07222	Peroxisome proliferator-activated receptor (PPAR) agonists	Peroxisome proliferator-activated receptor (PPAR) agonists|
map07223	Retinoic acid receptor (RAR) and retinoid X receptor (RXR) agonists/antagonists	Retinoic acid receptor (RAR) and retinoid X receptor (RXR) agonists/antagonists|
map07224	Opioid receptor agonists/antagonists	Opioid receptor agonists/antagonists|
map07225	Glucocorticoid and mineralocorticoid receptor agonists/antagonists	Glucocorticoid and mineralocorticoid receptor agonists/antagonists|
map07226	Progesterone, androgen and estrogen receptor agonists/antagonists	Progesterone, androgen and estrogen receptor agonists/antagonists|
map07227	Histamine H2/H3 receptor agonists/antagonists	Histamine H2/H3 receptor agonists/antagonists|
map07228	Eicosanoid receptor agonists/antagonists	Eicosanoid receptor agonists/antagonists|
map07229	Angiotensin receptor and endothelin receptor antagonists	Angiotensin receptor and endothelin receptor antagonists|
map07230	GABA-A receptor agonists/antagonists	GABA-A receptor agonists/antagonists|
map07231	Sodium channel blocking drugs	Sodium channel blocking drugs|
map07232	Potassium channel blocking and opening drugs	Potassium channel blocking and opening drugs|
map07233	Ion transporter inhibitors	Ion transporter inhibitors|
map07234	Neurotransmitter transporter inhibitors	Neurotransmitter transporter inhibitors|
map07235	N-Metyl-D-aspartic acid receptor antagonists	N-Metyl-D-aspartic acid receptor antagonists|
