ec_number	bigg_reaction_id
3.6.3.8	EX_ca2_e
3.1.4.16	23PDE2pp
3.1.4.16	23PDE9pp
4.2.1.61	3HAD121
2.3.1.-	3HAD160
2.3.1.85	3HAD160
2.3.1.86	3HAD160
4.2.1.59	3HAD160
4.2.1.61	3HAD160
4.2.1.61	3HAD161
2.3.1.-	3HAD180
4.2.1.-	3HAD180
4.2.1.61	3HAD180
2.3.1.-	3HAD80
2.3.1.85	3HAD80
2.3.1.86	3HAD80
4.2.1.58	3HAD80
4.2.1.59	3HAD80
4.2.1.61	3HAD80
2.7.1.53	3KGK
3.1.3.6	3NTD2pp
3.1.3.6	3NTD9pp
1.1.1.100	3OAR120
2.3.1.-	3OAR120
2.3.1.85	3OAR120
2.3.1.86	3OAR120
1.1.1.100	3OAR121
1.1.1.100	3OAR141
1.1.1.100	3OAR160
2.3.1.-	3OAR160
2.3.1.85	3OAR160
2.3.1.86	3OAR160
1.1.1.100	3OAR161
1.1.1.100	3OAR180
2.3.1.86	3OAS100
2.3.1.86	3OAS120
2.3.1.86	3OAS140
2.3.1.41	3OAS161
2.3.1.86	3OAS60
4.2.3	4HTHRS
4.2.3.1	4HTHRS
5.3.1.13	A5PISO
6.2.1.20	AACPS6
6.2.1.l	AACPS9
2.6.1.19	ABTA
2.3.1.16	ACACT2r
2.3.1.9	ACACT2r
2.3.1.9	ACACT3r
2.3.1.16	ACACT4r
2.3.1.9	ACACT4r
2.3.1.9	ACACT5r
2.7.7.62	ACBIPGT
6.2.1.13	ACCOAL
3.1.3.10	ACGAM1PPpp
2.3.1.1	ACGS
2.2.1.6	ACLS
2.4.1.180	ACMAMUT
4.1.3.3	ACNML
1.3.3.6	ACOAD1f
1.3.8.1	ACOAD1f
1.3.8.7	ACOAD1f
1.3.99.-	ACOAD1f
1.3.99.3	ACOAD1f
1.3.3.6	ACOAD5f
1.3.8.7	ACOAD5f
1.3.8.8	ACOAD5f
1.3.99.-	ACOAD5f
1.3.99.3	ACOAD5f
1.3.3.6	ACOAD7f
1.3.8.7	ACOAD7f
1.3.8.8	ACOAD7f
1.3.8.9	ACOAD7f
1.3.99.-	ACOAD7f
1.3.99.3	ACOAD7f
2.3.1.-	ACOATA
2.3.1.179	ACOATA
2.3.1.180	ACOATA
2.3.1.38	ACOATA
2.3.1.41	ACOATA
2.3.1.85	ACOATA
2.3.1.86	ACOATA
3.5.1.14	ACODA
3.5.1.16	ACODA
5.3.3.7	ACONIs
2.1.1.144	ACONMT
2.6.1.11	ACOTA
4.1.3.38	ADCL
2.6.1.85	ADCS
3.5.4.2	ADD
2.7.4.10	ADK3
2.7.4.4	ADK3
4.6.1.1	ADNCYC
2.7.1.20	ADNK1
2.7.1.74	ADNK1
3.2.2.1	ADNUC
3.2.2.7	ADNUC
3.2.2.8	ADNUC
2.7.8.26	ADOCBLS
2.4.2.7	ADPT
2.4.2.8	ADPT
2.7.1.25	ADSK
6.3.4.4	ADSS
3.5.3.11	AGMT
2.3.1.51	AGPAT161
2.3.1.51	AGPAT180
6.3.4.18	AIRC2
6.3.2.4	ALAALAr
2.6.1.2	ALATA_L
6.1.1.7	ALATRS
1.1.1.1	ALCD2x
1.1.1.71	ALCD2x
2.7.1.55	ALLK
3.5.3.9	ALLTAMH
4.2.1.7	ALTRH
2.4.1.25	AMALT3
5.1.3.9	AMANAPEr
2.7.1.60	AMANK
2.6.1.62	AMAOTr
3.2.2.4	AMPN
2.4.2.18	ANPRT
2.7.7	AP4AS
3.6.1.61	AP5AH
5.3.1.4	ARAI
5.3.1.5	ARAI
3.6.3.17	ARBabcpp
4.1.1.19	ARGDC
4.1.1.19	ARGDCpp
6.3.4.5	ARGSS
6.1.1.19	ARGTRS
1.2.1.11	ASAD
3.1.1	ASCBPL
3.1.1.-	ASCBPL
3.5.1.1	ASNN
3.5.1.38	ASNN
3.5.5.4	ASNN
6.3.1.1	ASNS2
6.3.5.4	ASNS2
4.3.1.1	ASPT
2.6.1.1	ASPTA
6.1.1.12	ASPTRS
6.1.1.23	ASPTRS
3.6.3.21	ASPabcpp
2.3.1.109	AST
1.1.1.381	ATHRDHr
3.5.4.17	ATPHs
3.5.4.18	ATPHs
3.6.1.15	ATPM
3.6.1.3	ATPM
3.6.1.5	ATPM
3.6.1.8	ATPM
3.6.3.1	ATPM
3.6.3.10	ATPM
3.6.3.11	ATPM
3.6.3.12	ATPM
3.6.3.14	ATPM
3.6.3.15	ATPM
3.6.3.16	ATPM
3.6.3.17	ATPM
3.6.3.18	ATPM
3.6.3.19	ATPM
3.6.3.2	ATPM
3.6.3.20	ATPM
3.6.3.21	ATPM
3.6.3.22	ATPM
3.6.3.23	ATPM
3.6.3.24	ATPM
3.6.3.25	ATPM
3.6.3.26	ATPM
3.6.3.27	ATPM
3.6.3.28	ATPM
3.6.3.29	ATPM
3.6.3.3	ATPM
3.6.3.30	ATPM
3.6.3.31	ATPM
3.6.3.32	ATPM
3.6.3.33	ATPM
3.6.3.34	ATPM
3.6.3.35	ATPM
3.6.3.36	ATPM
3.6.3.37	ATPM
3.6.3.38	ATPM
3.6.3.39	ATPM
3.6.3.4	ATPM
3.6.3.40	ATPM
3.6.3.41	ATPM
3.6.3.42	ATPM
3.6.3.43	ATPM
3.6.3.44	ATPM
3.6.3.46	ATPM
3.6.3.47	ATPM
3.6.3.48	ATPM
3.6.3.49	ATPM
3.6.3.5	ATPM
3.6.3.50	ATPM
3.6.3.51	ATPM
3.6.3.52	ATPM
3.6.3.53	ATPM
3.6.3.54	ATPM
3.6.3.6	ATPM
3.6.3.7	ATPM
3.6.3.8	ATPM
3.6.3.9	ATPM
3.6.4.1	ATPM
3.6.4.10	ATPM
3.6.4.11	ATPM
3.6.4.12	ATPM
3.6.4.13	ATPM
3.6.4.2	ATPM
3.6.4.3	ATPM
3.6.4.4	ATPM
3.6.4.5	ATPM
3.6.4.6	ATPM
3.6.4.7	ATPM
3.6.4.8	ATPM
3.6.4.9	ATPM
3.6.3.14	ATPS4rpp
1.2.1.8	BETALDHx
2.8.3.8	BUTCT
3.6.3.8	CA2tex
3.6.3.33	CBIuabcpp
3.6.3.33	CBL1abcpp
2.7.2.2	CBMKr
6.3.5.5	CBPS
6.3.4.20	CCGS
3.6.3.3	CD2abcpp
3.6.3.46	CD2abcpp
3.6.1.26	CDAPPA140
3.6.1.26	CDAPPA141
3.6.1.26	CDAPPA180
1.7.1.13	CDGR
2.7.1.148	CDPMEK
2.1.1.79	CFAS160E
2.1.1.79	CFAS180E
5.4.99.5	CHORM
4.1.3.40	CHRPL
1.14.12.19	CINNDO
4.1.3.6	CITL
3.2.2.10	CMPN
4.1.99.18	CPMPS
2.8.3.21	CRNBTCT
2.3.3.1	CS
2.3.3.16	CS
2.3.3.3	CS
3.5.4.1	CSND
5.3.3.8	CTECOAI6
5.3.3.8	CTECOAI7
5.3.3.8	CTECOAI8
1.16.3	CU1Opp
2.8.1.1	CYANST
4.2.1.104	CYNTAH
4.4.1.8	CYSTL
6.1.1.15	CYSTRS
6.1.1.16	CYSTRS
3.6.3.21	CYSabc2pp
3.5.4.5	CYTD
2.7.1.107	DAGK160
4.1.1.20	DAPDC
2.7.7.41	DASYN140
2.7.7.41	DASYN161
3.5.4.13	DCTPD
3.5.4.5	DCYTD
2.7.1.178	DDGLK
2.7.1.45	DDGLK
2.7.4.12	DGK1
2.7.4.13	DGK1
2.7.4.8	DGK1
4.2.1.17	DHACOAH
4.2.1.9	DHAD1
1.3.1.28	DHBD
1.3.1.87	DHCIND
1.13.11.16	DHCINDO
1.5.1.3	DHFR
6.3.2.12	DHFS
6.3.2.17	DHFS
2.5.1.74	DHNAOT4
3.5.4.26	DHPPDA2
1.5.1.34	DHPTDNR
5.1.99.d	DHPTPE
4.2.3.4	DHQS
1.1.1	DKGLCNR2y
1.1.1.215	DKGLCNR2y
2.5.1.1	DMATT
1.1.1.169	DPR
2.7.4.12	DTMPK
2.7.4.13	DTMPK
2.7.4.9	DTMPK
2.7.1.145	DURIK1
2.7.1.21	DURIK1
3.6.1.-	DUTPDP
3.6.1.23	DUTPDP
3.6.1.9	DUTPDP
1.1.1.267	DXPRIi
1.2.1.72	E4PD
2.3.1.-	EAR100x
2.3.1.86	EAR100y
2.3.1.86	EAR120y
2.3.1.86	EAR140y
1.3.1.9	EAR141x
1.3.1.9	EAR161x
1.3.1.10	EAR161y
1.3.1.9	EAR180x
1.3.1.10	EAR180y
1.3.1.9	EAR181x
1.3.1.10	EAR181y
2.3.1.86	EAR40y
2.3.1.86	EAR60y
2.3.1.86	EAR80y
4.2.1.150	ECOAH1
4.2.1.17	ECOAH1
4.2.1.55	ECOAH1
4.2.1.17	ECOAH2
4.2.1.74	ECOAH2
4.2.1.17	ECOAH4
4.2.1.74	ECOAH4
4.2.1.17	ECOAH6
4.2.1.74	ECOAH6
4.2.1.134	ECOAH8
4.2.1.17	ECOAH8
2.3.1.241	EDTXS1
3.1.1	ENTERES
1.3.1.10	EPMEACPR
4.3.1.7	ETHAAL
4.1.2	F6PA
3.1.2.21	FA100ACPHi
3.1.2.14	FA140ACPHi
3.1.2.14	FA141ACPHi
3.1.2.14	FA160ACPHi
3.1.2.14	FA161ACPHi
3.1.2.2	FACOAE100
3.1.2.2	FACOAE140
3.1.2.2	FACOAE160
3.1.2.22	FACOAE160
3.1.2.2	FACOAE180
1.5.1.30	FADRx2
1.5.1.45	FADRx2
1.1.1	FALDH2
1.1.1.284	FALDH2
4.1.2.13	FBA
3.1.3.11	FBP
5.3.1.3	FCI
2.7.1.51	FCLK
4.99.1.1	FCLT
1.14.14.34	FDMO2
1.14.14.5	FDMO2
1.14.14.ah	FDMO2
3.6.3.34	FECRMabcpp
2.8.3.16	FORCT
1.3.99.1	FRD3
6.3.4.3	FTHFLi
4.2.1.2	FUM
2.3.1.157	G1PACT
2.3.1.4	G1PACT
3.1.3.10	G1PPpp
2.7.7.24	G1PTT
5.4.3.8	G1SAT
2.3.1.15	G3PAT141
2.3.1.15	G3PAT160
2.3.1.15	G3PAT180
3.1.3.2	G3PT
3.1.3.21	G3PT
3.5.99.6	G6PDA
1.1.1.363	G6PDH2r
1.1.1.49	G6PDH2r
3.1.3.58	G6PP
3.1.3.9	G6PP
4.2.1.42	GALCTD
5.1.3.3	GALM2pp
3.6.3.17	GALabcpp
2.1.2	GART
2.1.2.-	GART
5	GDMANE
3.6.1.-	GDPMNP
3.6.1.21	GDPMNP
3.5.1.94	GGGABAH
2.1.2.1	GHMT2r
2.4.1.1	GLCP2
4.1.2.20	GLCRAL
4.2.1.40	GLCRD
2.4.1.21	GLCS1
2.4.1.18	GLDBRAN2
2.7.7.27	GLGC
6.3.1.2	GLNS
6.3.2.2	GLUCYS
4.1.1.15	GLUDC
1.4.1.13	GLUNpp
1.4.7.1	GLUNpp
3.5.1.2	GLUNpp
3.5.1.38	GLUNpp
4.3.3.6	GLUNpp
6.3.4.2	GLUNpp
6.3.5.2	GLUNpp
6.3.5.4	GLUNpp
6.3.5.5	GLUNpp
2.4.2.14	GLUPRT
5.1.1.3	GLUR
1.4.1.13	GLUSy
6.1.1	GLUTRS
6.1.1.17	GLUTRS
6.1.1.24	GLUTRS
3.6.3.21	GLUabcpp
4.1.1.47	GLXCL
1.1.1.6	GLYCDx
2.7.1.31	GLYCK
2.7.1.165	GLYCK2
2.7.1.31	GLYCK2
1.4.4.2	GLYCL
1.8.1.4	GLYCL
2.1.2.10	GLYCL
1.1.1.26	GLYCLTDx
1.1.1.29	GLYCLTDx
1.1.1.79	GLYCLTDx
2.7.1.30	GLYK
3.1.2.6	GLYOX
4.2.1.130	GLYOX3
4.2.1.47	GMAND
2.7.7.70	GMHEPAT
1.7.1.7	GMPR
6.3.5.2	GMPS2
1.1.1.351	GND
1.1.1.44	GND
3.1.4.2	GPDDA1pp
3.1.4.46	GPDDA1pp
3.1.4.2	GPDDA2
3.1.4.46	GPDDA2
3.1.4.46	GPDDA3
3.1.4.46	GPDDA3pp
3.1.4.46	GPDDA4
3.1.4.46	GPDDA4pp
3.1.4.44	GPDDA5
3.1.4.44	GPDDA5pp
2.5.1.10	GRTT
1.8.4.2	GRXR
2.7.1.73	GSNK
3.5.1.-	GSPMDA
3.5.1.78	GSPMDA
1.8.1.7	GTHOr
6.3.2.3	GTHS
3.5.4.16	GTPCI
3.5.4.25	GTPCII2
2.7.6.5	GTPDPK
2.4.2.22	GUAPRT
2.4.2.7	GUAPRT
2.4.2.8	GUAPRT
5.3.1.12	GUI1
5.3.1.12	GUI2
1.1.1.211	HACD4
1.1.1.35	HACD4
1.1.1.211	HACD5
1.1.1.35	HACD5
1.1.1.211	HACD7
1.1.1.35	HACD7
2.5.1.39	HBZOPT
2.1.1	HCYSMT
2.1.1.10	HCYSMT
2.1.1.10	HCYSMT2
2.5.1.-	HEMEOS
2	HEPT2
2.7.1.1	HEX4
2.7.1.7	HEX4
1.1.1.23	HISTD
3.6.3.21	HISabcpp
2.5.1.61	HMBS
4.3.1.8	HMBS
4.1.2	HOPNTAL
4.1.2.n4	HOPNTAL
4.1.3.39	HOPNTAL
1.13.11.16	HPPPNDO
1.1.1.26	HPYRRx
1.1.1.29	HPYRRx
1.1.1.81	HPYRRx
2.7.1.39	HSK
2.3.1.46	HSST
2.6.1.9	HSTPT
1.18.99.1	HYD3pp
3.1.3.74	HYPOE
5.4.4.2	ICHORS
1.1.1.264	IDOND
1.1.1.366	IDOND
1.1.1.264	IDOND2
2.4.2.-	IG3PS
4.1.3.-	IG3PS
4.3.2.M2	IG3PS
4.2.1.19	IGPDH
4.1.1.48	IGPS
2.6.1.42	ILETA
1.1.1.205	IMPD
2.7.1.73	INSK
1.17.1.2	IPDPS
1.1.1.85	IPMD
4.2.1.33	IPPMIa
4.2.1.33	IPPMIb
2.3.3.13	IPPS
1.1.1.86	KARA2
3.1.3.45	KDOPP
3.6.3.10	Kabcpp
3.6.3.12	Kabcpp
1.1.2.3	L_LACD3
3.2.1.108	LACZ
3.2.1.23	LACZ
1.1.1.283	LALDO3
1.2.1.49	LALDO3
3.4.13.18	LALGP
1.2.1.22	LCADi
2.6.1.42	LEUTAi
2.6.1.6	LEUTAi
2.6.1.67	LEUTAi
6.1.1.4	LEUTRS
4.4.1.5	LGTHL
2.7.7.63	LIPATPT
6.3.1.20	LIPATPT
3.1.1.5	LPLIPAL1A140pp
3.1.1.5	LPLIPAL1A141pp
3.1.1.5	LPLIPAL2A120
3.1.1.5	LPLIPAL2E160
3.1.1.5	LPLIPAL2E180
6.1.1.6	LYSTRS
3.6.3.21	LYSabcpp
2.3.1	MACPD
4.1.1.87	MACPD
2.3.3.9	MALS
3.6.3	MALTTTRabcpp
3.6.3.19	MALTabcpp
2.7.7.22	MAN1PT2
3.2.1.170	MANPGH
3.4.16.4	MDDCP1pp
3.4.16.4	MDDCP2pp
3.4.16.4	MDDCP4pp
3.4.16.4	MDDCP5pp
1.1.1.38	ME1
1.1.1.39	ME1
4.6.1.12	MECDPS
2.7.7.60	MEPCT
2.5.1.6	METAT
6.1.1.10	METTRS
3.6.3.2	MG2uabcpp
4.2.3.3	MGSA
3.4.17.13	MLDCP1Bpp
3.4.17.13	MLDCP3App
3.2.1.20	MLTG1
3.2.1.20	MLTG5
2.4.1.1	MLTP1
4.1.1.41	MMCD
4.1.1.9	MMCD
2.4.99.12	MOAT
2.1.2.11	MOHMT
1.1.5.4	MOX
1.1.1.-	MSAR
1.1.1.298	MSAR
3.2.2.16	MTAN
3.2.2.9	MTAN
1.5.1.20	MTHFR2
1.6.5.3	NADH16pp
1.6.5.3	NADH17pp
1.6.5.3	NADH18pp
2.7.1.23	NADK
1.6.1.1	NADTRHD
1.6.1.2	NADTRHD
1.6.1.3	NADTRHD
2.7.4.6	NDPK1
2.7.4.6	NDPK2
2.7.4.6	NDPK3
2.7.4.6	NDPK5
2.7.4.6	NDPK6
3.6.3.24	NI2uabcpp
3.5.1.42	NMNDA
3.2.2.14	NMNN
3.5.1.19	NNAM
2.7.7.1	NNATr
2.7.7.18	NNATr
3.1.3.5	NTD10
3.1.3.5	NTD10pp
3.1.3.5	NTD11pp
3.1.3.99	NTD11pp
3.1.3.5	NTD2
3.1.3.5	NTD4
3.1.3.91	NTD4
3.1.3.5	NTD4pp
3.1.3.91	NTD4pp
3.1.3.35	NTD5
3.1.3.5	NTD5
3.1.3.89	NTD5
3.1.3.5	NTD6
3.1.3.89	NTD6
3.1.3.5	NTD6pp
3.1.3.89	NTD6pp
3.1.3.5	NTD7
3.1.3.5	NTD7pp
3.1.3.5	NTD8
3.1.3.89	NTD8
3.1.3.5	NTD8pp
3.1.3.89	NTD8pp
3.1.3.5	NTD9
3.1.3.5	NTD9pp
3.6.1.15	NTP1
3.6.1.3	NTP1
3.6.1.5	NTP1
3.6.1.8	NTP1
3.6.3.1	NTP1
3.6.3.10	NTP1
3.6.3.11	NTP1
3.6.3.12	NTP1
3.6.3.14	NTP1
3.6.3.15	NTP1
3.6.3.16	NTP1
3.6.3.17	NTP1
3.6.3.18	NTP1
3.6.3.19	NTP1
3.6.3.2	NTP1
3.6.3.20	NTP1
3.6.3.21	NTP1
3.6.3.22	NTP1
3.6.3.23	NTP1
3.6.3.24	NTP1
3.6.3.25	NTP1
3.6.3.26	NTP1
3.6.3.27	NTP1
3.6.3.28	NTP1
3.6.3.29	NTP1
3.6.3.3	NTP1
3.6.3.30	NTP1
3.6.3.31	NTP1
3.6.3.32	NTP1
3.6.3.33	NTP1
3.6.3.34	NTP1
3.6.3.35	NTP1
3.6.3.36	NTP1
3.6.3.37	NTP1
3.6.3.38	NTP1
3.6.3.39	NTP1
3.6.3.4	NTP1
3.6.3.40	NTP1
3.6.3.41	NTP1
3.6.3.42	NTP1
3.6.3.43	NTP1
3.6.3.44	NTP1
3.6.3.46	NTP1
3.6.3.47	NTP1
3.6.3.48	NTP1
3.6.3.49	NTP1
3.6.3.5	NTP1
3.6.3.50	NTP1
3.6.3.51	NTP1
3.6.3.52	NTP1
3.6.3.53	NTP1
3.6.3.54	NTP1
3.6.3.6	NTP1
3.6.3.7	NTP1
3.6.3.8	NTP1
3.6.3.9	NTP1
3.6.4.1	NTP1
3.6.4.10	NTP1
3.6.4.11	NTP1
3.6.4.12	NTP1
3.6.4.13	NTP1
3.6.4.2	NTP1
3.6.4.3	NTP1
3.6.4.4	NTP1
3.6.4.5	NTP1
3.6.4.6	NTP1
3.6.4.7	NTP1
3.6.4.8	NTP1
3.6.4.9	NTP1
3.6.1	NTP10
3.6.1.5	NTP10
3.6.1.15	NTP3pp
3.6.1.5	NTP3pp
3.6.5.1	NTP3pp
3.6.5.2	NTP3pp
3.6.5.3	NTP3pp
3.6.5.4	NTP3pp
3.6.5.5	NTP3pp
3.6.5.6	NTP3pp
3.6.1.15	NTP5
3.6.1.5	NTP5
3.6.1.-	NTPP1
3.6.1.19	NTPP1
3.6.1.9	NTPP1
3.6.1.12	NTPP3
3.6.1.65	NTPP3
3.6.1.9	NTPP3
3.6.1.8	NTPP6
3.6.1.9	NTPP6
3.6.1.19	NTPP7
3.6.1.9	NTPP7
3.6.1.8	NTPP8
3.6.1.9	NTPP8
3.1.5.1	NTPTP1
1.7.1.15	NTRIR2x
1.7.1.4	NTRIR2x
2.3.1	OBTFL
2.3.1.54	OBTFL
2.5.1.90	OCTDPS
2.1.1.222	OHPHM
1.1.1.85	OMCDC
4.2.1.80	OP4ENH
4.1.1.98	OPHBDC
4.1.1.17	ORNDC
3.6.3.21	ORNabcpp
2.3.1.223	OXDHCOAT
1.2.1.88	P5CD
1.5.1.12	P5CD
1.5.1.2	P5CR
6.3.2.1	PANTS
3.1.3.4	PAPA160
1.8.4.8	PAPSR
3.1.4.17	PDE1
3.1.4.53	PDE1
3.1.4.17	PDE4
3.1.4.35	PDE4
2.7.1.11	PFK
5.4.2.10	PGAMT
1.1.1.95	PGCD
5.3.1.9	PGI
3.1.1.31	PGL
3.1.3.18	PGLYCP
3.1.3.27	PGPP120pp
3.1.3.27	PGPP160
3.1.3.27	PGPP161
3.1.3.27	PGPP161pp
3.1.3.27	PGPP180
2.7.8.5	PGSA160
2.7.8.5	PGSA181
2.6.1.1	PHETA1
2.6.1.5	PHETA1
2.6.1.57	PHETA1
2.6.1.9	PHETA1
3.6.3.27	PIuabcpp
3.1.1.32	PLIPA1A120pp
3.1.1.32	PLIPA1E160pp
3.1.1.4	PLIPA2A120pp
3.1.1.4	PLIPA2A140pp
3.1.1.4	PLIPA2A141pp
3.1.1.4	PLIPA2A180pp
3.1.3.-	PMDPHT
3.1.3.104	PMDPHT
3.1.1.85	PMEACPE
2.7.1.33	PNTK
4.2.1.24	PPBNGS
4.1.1.31	PPC
4.1.1.36	PPCDC
4.1.1.49	PPCK
2.8.3.1	PPCSCT
4.2.1.51	PPNDH
4.2.1.91	PPNDH
1.3.3.4	PPPGO3
1.14.12.19	PPPNDO
2.7.9.2	PPS
6.3.4.13	PRAGSr
6.3.3.1	PRAIS
5.3.1.24	PRAIi
3.6.1.31	PRATPP
6.3.5.3	PRFGS
2.5.1.19	PSCVT
4.1.1.65	PSD120
4.1.1.65	PSD160
4.1.1.65	PSD181
2.6.1.52	PSERT
3.1.3.3	PSP_L
2.7.8.8	PSSA160
2.7.8.8	PSSA180
2.7.8.8	PSSA181
2.3.1.222	PTA2
2.3.1.8	PTA2
2.3.1.8	PTAr
3.1.3	PTHRpp
3.6.3.31	PTRCabcpp
2.4.2.1	PUNP1
2.4.2.1	PUNP3
2.4.2.15	PUNP3
2.4.2.1	PUNP4
2.4.2.4	PUNP4
2.4.2.1	PUNP5
2.4.2.15	PUNP5
2.7.1.40	PYK
2.4.2.2	PYNP2r
2.4.2.3	PYNP2r
2.7.4.23	R15BPK
2.7.1.26	RBFK
2.7.1.15	RBK
2.7.1.16	RBK_L1
5.1.3.4	RBP4E
4.4.1.21	RHCCE
3.6.3.17	RIBabcpp
2.7.1.5	RMK
1.17.4.1	RNDR2
1.17.4.1	RNDR3
5.3.1.6	RPI
3.5.3.23	SADH
1.1.1.140	SBTPD
2.6.1.17	SDPTA
2.7.9.3	SELNPS
2.3.1.30	SERAT
4.3.1.15	SERD_L
4.3.1.17	SERD_L
4.3.1.19	SERD_L
3.1.2.12	SFGTHi
4.99.1.4	SHCHF
1.1.1.25	SHK3Dr
1.1.1.282	SHK3Dr
2.5.1.48	SHSL1
2.6.1.81	SOTA
2.3.1.57	SPMDAT1
2.3.1.57	SPMDAT2
2.6.1.29	SPMDAT2
2.5.1.16	SPMS
1.15.1.1	SPODMpp
4.2.1.113	SUCBZS
6.2.1.5	SUCOAS
1.1.1.58	TAGURr
2.2.1.2	TALA
5.1.3.13	TDPDRE
2.7.1.130	TDSK
2.1.2.10	THFAT
4.1.2.48	THRA
4.1.2.5	THRA
1.1.1.103	THRD
4.3.1.19	THRD_L
6.1.1.3	THRTRS
2.2.1.1	TKT2
2.4.2.2	TMDPP
2.4.2.4	TMDPP
5.3.1.1	TPI
1.6.4.5	TRDR
1.8.1.9	TRDR
3.2.1.28	TREH
3.2.1.28	TREHpp
4.2.1.122	TRPS2
4.2.1.20	TRPS2
4.1.2.8	TRPS3
4.2.1.20	TRPS3
6.1.1.2	TRPTRS
3.6.3.25	TSULabcpp
3.6.3.55	TUNGSabcpp
4.1.99.19	TYRL
1.4.3.21	TYROXDApp
1.4.3.22	TYROXDApp
1.4.3.4	TYROXDApp
1.4.9.2	TYROXDApp
1.4.99.4	TYROXDApp
6.3.2.13	UAAGDS
1.1.1.336	UACMAMO
5.1.3.14	UAG2E
2.3.1.129	UAGAAT
2.7.7.23	UAGDP
6.3.2.9	UAMAGS
6.3.2.8	UAMAS
1.3.1.98	UAPGR
5.1.3.2	UDPG4E
5.4.99.9	UDPGALM
3.6.1.45	UDPGALPpp
1.1.1.305	UDPGDC
3.6.1.45	UDPGPpp
3.6.1.8	UDPGPpp
3.6.1.9	UDPGPpp
2.6.1.87	UDPKAAT
2.7.7.12	UGLT
3.5.1.116	UGLYCH
3.5.3.19	UGLYCH
6.3.2.10	UGMDDS
2.1.1.107	UPP3MT
4.1.1.37	UPPDC1
3.5.1.110	URACPAH
3.6.1.54	USHD
2.6.1.42	VALTA
2.6.1.6	VALTA
6.1.1.9	VALTRS
2.6.1.66	VPAMTr
5.3.1.5	XYLI2
3.6.3.5	ZN2abcpp
3.6.3.5	ZNabcpp
1.1.1.215	2DGLCNRy
2.8.1.6	BTS4
1.2.2.1	FDH4pp_1
1.1.1.35	HACD1i
1.1.1.211	HACD2i
1.1.1.35	HACD2i
1.1.1.211	HACD4i
1.1.1.35	HACD4i
1.1.1.211	HACD6i
1.1.1.35	HACD6i
1.1.1.211	HACD7i
1.1.1.35	HACD7i
4.2.1.109	MDRPD
5.3.1.23	MTRI
2.7.1.100	MTRK
4.1.3.36	NPHS
4.1.1.71	OXGDC2
2.7.4.13	URIDK2r
2.7.4.4	URIDK2r
2.7.4.9	URIDK2r
3.1.3.68	2DOXG6PP
1.1.1.27	2HBO
1.1.1.102	3DSPHR
3.5.1.63	AABTN
2.6.1.39	AATA
2.3.1.16	ACACT4p
2.3.1.9	ACACT4p
2.3.1.9	ACACT5p
2.3.1.16	ACACT6p
2.3.1.9	ACACT6p
2.3.1.155	ACACT7p
2.3.1.16	ACACT7p
2.3.1.9	ACACT7p
6.4.1.2	ACCOACrm
2.3.1.4	ACGAM6PS
5.4.2.3	ACGAMPM
2.2.1.6	ACHBSm
2.2.1.6	ACLSm
4.2.1.3	ACONT
2.7.4.3	ADK1m
2.7.4.10	ADK3m
2.7.4.4	ADK3m
1.2.1.38	AGPRim
3.3.1.1	AHCi
2.5.1.49	AHSERL
2.5.1.49	AHSERL2
4.1.1.21	AIRCr
1.2.4.2	AKGDam
1.1.1.2	ALCD19y
1.1.1.21	ALCD19y
1.1.1.372	ALCD19y
1.1.1.72	ALCD19y
1.1.1.1	ALCD22xi
1.1.1.2	ALCD22xi
1.1.1.2	ALCD22yi
1.1.1.21	ALCD22yi
1.1.1	ALCD23yi
1.1.1.1	ALCD23yi
1.1.1.21	ALCD23yi
1.1.1.265	ALCD24yi
1.1.1	ALCD25yi
1.1.1.21	ALCD25yi
1.1.1.190	ALCD26xim
1.2.1.3	ALDD20xm
3.5.3.4	ALLTAHr
3.5.1.54	ALPHNH
3.5.1.11	AMID2
3.5.1.4	AMID2
3.5.4.17	AMPDA
3.5.4.6	AMPDA
1.1.3.37	ARAB14LO
1.1.1.117	ARAB1D2
3.5.3.1	ARGN
2.1.1.-	ARMT
2.6.1.1	ASPTAm
2.7.7.53	ATPATF3
3.6.3.14	ATPS3m
1.1.1.4	BTDD_RR
1.3.1.71	C24STRer
5.3.3.1	C3STDH1
2.7.7.15	CHLPCTD
5.3.3.5	CHLSTI
3	COAHLp
3.6.1.-	COAHLp
6.2.1.12	COUCOAFm
2.3.1.7	CSNATm
2.3.1.7	CSNATr
2.3.3.1	CSm
2.3.3.16	CSm
2.3.3.3	CSm
2.3.3.1	CSp
2.3.3.16	CSp
2.3.3.3	CSp
4.4.1.8	CYSTLp
4.2.1.22	CYSTS
1.14.19.1	DESAT16
3.2.1.20	DGGH
3.2.1.22	DGGH
4.2.1.9	DHAD1m
4.2.1.9	DHAD2m
1.5.1.3	DHFRim
2.3.1.57	DIAT
2.1.1.98	DIPS
1.1.1.169	DPRm
2.7.1.15	DRBK
4.2.1.17	ECOAH11p
4.2.1.17	ECOAH4p
4.2.1.74	ECOAH4p
4.2.1.17	ECOAH6p
4.2.1.74	ECOAH6p
4.2.1.17	ECOAH7p
4.2.1.74	ECOAH7p
2.6.1.23	EHGLAT
2.6.1.23	EHGLATm
2.6.1.23	EHGLATp
2.4.1.173	ERGSTGLCT
2.7.1.82	ETHAK
5.3.2.2	EX_oaa_e
3.1.2.14	FA180ACPH
6.2.1.3	FACOAL141p
6.2.1.3	FACOAL160p
6.2.1.3	FACOAL180
6.2.1.3	FACOAL80p
1.1.1.284	FALDH
1.2.1.1	FALDH
2.3.1.86	FAS100COA
2.3.1.85	FAS120
2.3.1.86	FAS120COA
2.3.1.85	FAS140
2.3.1.86	FAS140COA
2.3.1.85	FAS160
4.1.2.13	FBA2
4.99.1.1	FCLTm
1.2.2.1	FDNG
3.5.1.9	FKYNH
1.3.5.1	FRDcm
1.3.99.1	FRDcm
6.3.4.3	FTHFLmi
3.7.1.2	FUMAC
1.1.1.8	G3PD1ir
1.1.1.94	G3PD1ir
1.1.1.8	G3PD1irm
1.1.1.94	G3PD1irm
1.1.5.3	G3PDm
1.1.99.5	G3PDm
1.1.1.363	G6PDH2er
1.1.1.49	G6PDH2er
5.1.3.15	G6PI
5.3.1.9	G6PI
5.3.1.9	G6PI3
3.2.1.22	GALIGH
2.7.7.10	GALT
2.7.7.64	GALT
1.4.4.2	GCC2am
1.8.1	GCC2cm
1.8.1.4	GCC2cm
2.5.1.81	GGTT
2.1.2.1	GHMT2rm
2.3.1.97	GLPT
1.4.1.2	GLUDxi
1.4.1.3	GLUDxi
1.4.1.4	GLUDxi
2.7.1.2	GLUK
1.4.1.14	GLUSx
6.1.1	GLUTRSm
6.1.1.17	GLUTRSm
6.1.1.24	GLUTRSm
1.1.1.156	GLYCDy
3.2.2.1	GNNUC
3.2.2.8	GNNUC
1.8.1.7	GTHOm
3.6.1.5	GTPH1
1.1.1.211	HACD4p
1.1.1.35	HACD4p
1.1.1.211	HACD6p
1.1.1.35	HACD6p
1.1.1.211	HACD7p
1.1.1.35	HACD7p
4.2.1.1	HCO3En
2.5.1.-	HEMEOSm
1.13.11.5	HGNTOR
1.1.1.34	HMGCOAR
1.5.1.12	HPROa
1.5.1.2	HPROa
1.5.1.12	HPROb
1.5.1.2	HPROb
1.1.1.3	HSDxi
2.3.1.31	HSERTA
1.1.1.42	ICDHym
1.1.1.42	ICDHyp
2.6.1.42	ILETAm
6.1.1.5	ILETRSm
2.3.3.13	IPPSm
6.2.1.5	ITCOALm
3.7.1.3	KYN
1.14.13.9	KYN3OX
6.1.1.6	LYSTRSm
2.7.7.13	MAN1PT
4.1.3.30	MCITL2m
2.3.3.5	MCITSm
1.1.1.299	MDHm
1.1.1.37	MDHm
1.1.1.299	MDHp
1.1.1.37	MDHp
3.2.1.22	MELTGH
6.1.1.10	METTRSm
2.7.1.36	MEVK2
2.7.1.36	MEVK3
2.7.1.36	MEVK4
2.1.1.14	MHPGLUT
3.6.1.22	NADDPp
3.6.1.9	NADDPp
1.6.99.3	NADH2_u6cm
2.7.1.23	NADKm
3.1.3.-	NADPPPSm
3.1.3.1	NADPPPSm
3.1.3.2	NADPPPSm
6.3.1.5	NADS1n
6.3.5.1	NADS1n
2.4.2.11	NAPRT
2.4.2.11	NAPRTm
3.6.1.42	NDP3
3.6.1.5	NDP3
3.6.1.6	NDP3
3.6.1.42	NDP3g
3.6.1.5	NDP3g
3.6.1.6	NDP3g
3.1.3.5	NDP4
3.6.1.6	NDP4
2.7.4.6	NDPK9
2.7.7.1	NNATm
2.7.7.18	NNATm
2.4.2.19	NNDPRm
2.1.1.1	NNMT
3.6.1	NTP4
3.6.1.15	NTP4
3.5.5.1	NTRLASE3
5.3.2.2	OAAt
2.6.1.13	ORNTA
1.1.1.286	OXAGm
1.1.1.87	OXAGm
6.4.1.1	PC
1.2.1.88	PHCDm
1.5.1	PHCDm
1.5.1.12	PHCDm
2.7.4.2	PMEVK
3.6.1.52	PMI12346PH
2.7.4.21	PMI12346PS
1.5.3.16	POLYAO2
1.5.3.16	POLYAO3
1.5.3.17	POLYAO3
3.6.1.1	PPAm
1.3.1.13	PPND2
2.5.1.-	PPTTm
1.5.1.2	PRO1xm
1.5.99.8	PRO1xm
4.1.2.27	PSPHPL
3.1.2.2	PTE11x
3.1.2.2	PTE7x
3.1.2.2	PTE8x
2.7.7.3	PTPATim
2.4.2.1	PUNP3m
2.4.2.15	PUNP3m
1.4.3.5	PYDXO
1.17.4.1	RNDR2n
1.17.4.2	RNTR1
1.17.4.2	RNTR2
1.17.4.2	RNTR3
1.5.1.10	SACCD1
1.5.1.9	SACCD1
1.5.1.7	SACCD2
3.1.3	SBPP2er
1.1.1.14	SBTD_L
1.1.1.19	SBTR
1.1.1.2	SBTR
1.1.1.21	SBTR
1.1.1.72	SBTR
2.3.1.50	SERPT
2.5.1.48	SHSL4r
4.2.99.9	SHSL4r
4.3.1	SHSL4r
2.7.1.91	SLCBK1
2.7.7.5	SLFAT
4.1.2.27	SPHPL
1.14.13.132	SQLEr
1.14.14.17	SQLEr
1.14.99.7	SQLEr
2.5.1.21	SQLS
1.3.5.1	SUCD2_u6m
1.3.5.1	SUCD3_u6m
6.2.1.5	SUCOASm
2.4.1.10	SUCRe
2.4.1.4	SUCRe
2.4.1.9	SUCRe
3.2.1.10	SUCRe
3.2.1.20	SUCRe
3.2.1.26	SUCRe
3.2.1.48	SUCRe
2.1.2.10	THFATm
6.3.2.17	THFGLUS
1.11.1.15	THIORDXp
1.11.1.16	THIORDXp
3.1.3.2	THMDPe
6.1.1.3	THRTRSm
2.7.6.2	TMDPK
2.7.4.15	TMDPPK
2.7.6.2	TMDPPK
3.5.99.2	TMN
6.1.1.1	TYRTRSm
6.3.4.6	UREASE
2.7.4.13	URIDK2rn
2.7.4.4	URIDK2rn
2.7.4.9	URIDK2rn
2.6.1.42	VALTAim
2.6.1.6	VALTAim
6.1.1.9	VALTRSm
1.1.1.14	XYLTD_D
1.1.1.9	XYLTD_D
1.2.4.4	4M2OPLOXRD
4.1.1.5	ACLDC
1.3.1.44	ACOAD1
1.3.1.9	ACOAD1
1.3.99.2	ACOAD1
1.3.1.44	ACOAD2
1.3.99.3	ACOAD3
1.3.99.3	ACOAD6
3.1.4.14	ACPpds
3.6.1.7	ACYP_2
1.1.1.244	ALCD1
3.6.3.21	ASPabc
2.8.1.6	BTS3r
6.2.1.14	CHCOAL
3.6.3.21	CYSabc
2.7.7.39	G3PCT
1.4.4.2	GCCa
2.1.2.10	GCCb
3.6.3.41	HEMEti
2.5.1.-	HEXTT
4.3.1.3	HISDr
3.6.3.21	HISabc
2.3.1.41	KAS1
2.3.1.41	KAS11
2.3.1.41	KAS13
2.3.1.41	KAS3
2.3.1.41	KAS4
2.3.1.41	KAS5
2.3.1.41	KAS6
3.6.3.21	LYSabc
3.6.3.19	MALTabc
3.6.3.29	MOBDabc
3.5.1.32	NBAH
1.2.1	OIVD1r
1.2.1.25	OIVD1r
1.2.1.25	OIVD2
2.3.1.35	ORNTAC
4.2.3.12	PTHPS
3.2.1.26	RAFH
3.6.3.17	RIBabc
1.3.5.1	SUCD1
3.6.3.25	SULabc
3.2.1.183	UAG2EMA
5.1.3.14	UAG2EMA
5.1.3.7	UAG2EMA
5.1.3.2	UAG4Ei
5.1.3.7	UAG4Ei
4.2.1.49	URCN
2.1.1.163	URFGTT
2.1.1.201	URFGTT
2.7.1.48	URIK3
3.6.3.5	ZNabc
3.6.3.21	CYSIabcpp
2.7.1	4HTHRK
3.1.3.-	NMNR
3.1.3.5	NMNR
4.99.1.3	DSCLCOCH
1.5.1	PPRDNDH
1.2.1.20	OXPTNDH
3.5.99	GALAM6PISO
5.3.1.-	GALAM6PISO
3.2.1.21	SALCNH
3.2.1.86	CLB6PH
5.3.1.3	ARABDI
2.2.1.11	DKFPS2
2.7.7.43	ACNMCT
2.7.1.173	NICRNS
3.1.2.4	3HBCOAHL
1.13.11.27	PPOR
3.1.2.1	ACOAH
1.1.1.116	ARAB1D1
1.1.1.117	ARAB1D1
1.4.3.16	ASPOcm_1
1.2.1.32	AM6SAD
2.3.1.7	CSNATirm
6.3.2.12	DHFS_1
6.3.2.17	DHFS_1
3.5.2.3	DHORTSn
2.3.1.16	KATp
4.1.3.30	MCITLm
2.1.1.13	METS_1
1.5.1.15	MTHFC_1
3.5.4.9	MTHFC_1
1.5.1.20	MTHFR3_1
6.3.1.5	NADS1m
6.3.5.1	NADS1m
2.5.1.72	QULNS_1
3.1.3	SBPP1
3.1.3.-	SBPP1
3.1.3.4	SBPP1
3.1.3	SBPP2
3.1.3.77	2OH3K5MPPISO
3.1.3.87	2OH3K5MPPISO
3.1.3.77	ENOPH
4.4.1.5	GLYOX_1
3.6.2.2	PAPSSH
1.1.1.312	CMCMSAD
1.2.1.60	CMCMSAD
1.13.11.15	DHPDO
1.14.14.9	HPA3MO
5.3.3.10	CMHMI
4.1.2.52	4H2KPILY
1.2.1.28	3MBZDH
1.2.1.3	3MBZDH
1.2.1.7	3MBZDH
1.13.11.-	3MCAT23DOX
1.13.11.2	3MCAT23DOX
1.13.11.39	3MCAT23DOX
2.8.3.6	3OADPCOAT
6.2.1.12	4CMCOAS
1.14.13.2	4HBHYOX
1.14.13.33	4HBHYOX
1.2.1.28	4MBZDH
1.2.1.3	4MBZDH
1.2.1.7	4MBZDH
1.13.11.2	4MCAT23DOX
4.1.1.77	4OD2
1.2.1.31	AADSACYCL
1.4.1.18	AADSACYCL
1.3.99.2	ACOADH2
6.3.1.10	ADCPS1
6.3.1.10	ADCPS2
2.4.2.7	ADPT2
3.5.1.30	APENTAMAH
1.8.4.10	APSR
1.4.3.16	ASPO1
1.4.3.2	ASPO1
1.1.1.30	BDH
1.14.12.10	BZ12DOX
1.1.1.1	BZALDH
1.1.1.21	BZALDH
1.1.1.90	BZALDH
1.2.1.28	BZDH
1.2.1.29	BZDH
1.3.1.25	BZDIOLDH
6.2.1.12	CAFFCOA
1.13.11.2	CAT23DOX
1.13.11.1	CATDOX
3.1.6.6	CHOLSH
1.2.1.68	COALDDH
6.6.1.2	COCHL
2.5.1.17	CYRDAAT
1.3.1.-	DH3MCHCDH
1.3.1.67	DH4MCHCDH
3.5.2.2	DHPM1
4.1.2.41	FCOAHA
6.2.1.12	FERULCOAS
6.2.1.34	FERULCOAS
3.5.3.13	FORGLUIH
1.2.1.54	GDBTALDH
1.4.4.2	GLYCL_2
1.8.1.4	GLYCL_2
2.1.2.10	GLYCL_2
1.1.3.15	GLYCTO1
3.5.3.7	GUDBUTNAH
1.1.1.178	HACD9
1.1.1.35	HACD9
1.1.1.35	HIBDkt
1.2.1.85	HMSD
1.2.1.32	HMSD2
1.2.1.85	HMSD2
3.7.1.9	HMSH
1.5.3.7	LPCOXc
2.3.1.16	MACCOAT
2.3.1.9	MACCOAT
5.2.1.1	MALEI
3.5.1.107	MALMDA
1.3.8.4	MBCOAi
1.3.8.7	MBCOAi
1.3.99.10	MBCOAi
4.2.1.18	MGCH
5.5.1.2	MUCCY_kt
3.5.1.68	NFORGLUAH
4.1.3.17	OCAALD
2.8.3.5	OCOAT1
4.2.1.80	OMAHY
4.2.1.132	OP4ENH2
4.2.1.80	OP4ENH2
2.1.1.133	PC11M
2.1.1.131	PC17M
1.3.1.54	PC6AR
2.1.1.132	PC6YM
1.13.11.3	PCADYOX
1.2.4.1	PDHa
6.3.2.5	PPNCL
1.14.12.-	PTOLDOX
1.14.12.10	PTOLDOX
1.13.11.9	PYRDOX
1.1.5.8	QUIDH
1.1.99.25	QUIDH
2.1.1.152	R05219
1.1.1.36	RHACOAR100
1.1.1.36	RHACOAR140
1.1.1.36	RHACOAR60
1.1.1.36	RHACOAR80
2.5.1.6	SELMETAT
3.5.1.6	UPPN
1.2.1.28	VNDH_2
1.2.1.64	VNDH_2
1.14.13.82	VNTDM
1.2.1	4HGLSD
1.2.1.88	4HGLSD
3.1.3.102	ACP1_FMN
3.1.3.2	ACP1_FMN
3.5.1.4	AMID5
1.11.1.5	CCP
2.7.7.41	DASYN_HP
1.3.3.1	DHORD3
3.5.1.49	FORAMD
1.18.1.2	FRDO
3.6.3.21	GLNabc
2.7.8.5	PGSA_HP
4.1.1.65	PSD_HP
3.1.3.3	PSP_D
2.7.8.8	PSSA_HP
3.1.3.2	THMDP
2.7.1.16	RBK_Dr
2.7.1.47	RBK_Dr
6.4.1.3	PPCOAC
3.1.1.32	PLIPA1E180
4.1.1.32	PEPCK_re
2.7.8.13	PAPPT2
2.7.8.13	PAPPT1
6.6.1.1	MPML
1.2.1	MMSAD3
1.2.1.18	MMSAD3
1.2.1.27	MMSAD3
3.1.3.25	MI4PP
3.1.3.25	MI3PP
6.3.2.10	UGLDDS2
6.3.2.10	UGLDDS1
2.4.1.227	UAGPT1
6.3.2.7	UAAGLS2
3.6.3.25	TSULabc
6.3.1.2	GLNSP3
6.3.1.2	GLNSP1
1.18.1.6	FRDO2r
4.1.1.71	OXGDC
6.2.1.8	OXACOAL
3.5.2.9	OPAH
2.5.1.91	DPPS
1.1.1.125	DGC3D
5.4.99.60	CPC8MM
2.1.1.132	CPC6MT
2.6.1.18	APATr
6.3.4.23	AICART2
3.1.2.10	FCOAH2
2.7.4.3	ADK2
3.1.2	4PHACTE
3.1.2.20	4PHACTE
1.1.1.1	ALCD3ir
1.1.1.2	ALCD3ir
1.1.1.202	ALCD3ir
1.1.1.21	ALCD3ir
1.1.1.51	ALCD3ir
1.1.1.11	ABTDG
1.1.1.56	RBTDG
4.2.1.28	PPDD
4.2.1.44	2INSD
3.7.1	DKDID
5.4.3.2	LYSAM
1.2.1	4ABUTD
1.2.1.3	4ABUTD
3.6.3.21	ARGabc
2.5.1.15	DHPS2_1
1.2.2.1	FDH2
3.1.3.10	G1PP
3.6.3.17	GALabc
3.7.1.14	HKNTDH_1
1.5.1.20	MTHFR2_1
3.6.1.22	NADDPe
3.6.1.9	NADDPe
3.2.2.14	NMNt7
2.7.8.1	PEPT_EC
3.1.3.27	PGPP_EC
3.6.3.36	TAURabc
1.6.5.3	NADH16
1.1.1.202	13PPDH
2.6.1.5	ARAT
2.6.1.57	ARAT
1.13.11.54	ARD_1
2.1.1.-	CPC5MT
1.16.8.1	CYRDAR2
1.1.1.18	INS2D
6.1.1.22	ASNTRS_1
3.11.1.1	PALDH
1.13.11.15	34DHPACDO
2.1.1.271	CODSCL4MT
3.7.1.12	CODSCL5DA
5.4.99.60	CODSCL8XI
2.7.1.177	LTHRK
4.1.1.81	THRPDC
4.2.1.45	CDPGLC46DH
1.1.1	3MMD
2.3.3.8	ACITL
4.1.3.6	ACITL
6.2.1.25	BCOALIG
6.2.1.27	BCOALIG2
2.7.2.7	BUTKr
2.8.3.15	BZSCT
4.1.1	CSPMDDC
4.1.1.96	CSPMDDC
1.5.1.43	CSPMDDH
1.2.2.1	FDH5r2pp
3.2.2.26	FUTH
1.1.1.-	GHBDHy
1.1.1.co	GHBDHy
3.6.3.10	HKtpp
3.6.3.12	HKtpp
5.4.99.13	IBTMr
3.5.4.1	MCSNAH
1.7.99.6	N2OR
1.12.1.2	NAD_H2
1.12.1.5	NAD_H2
3.7.1.21	OCHCCH
6.2.1.-	PACCOAL2
6.4.1.-	PHEPC
4.2.1.-	PICH
3.6.1.1	PPA_1pp
2.8.3.18	SUCOAACTr
4.1.1.35	UDPGLDC
5.3.3.3	VACOAI
1.2.1.3	ALDD20x
2.6.1.1	CYSTA
2.6.1.3	CYSTA
1.2.1.13	GAPDi_nadp
1.2.1.59	GAPDi_nadp
6.3.5.2	GMPS
3.4.19	GTHRDH_syn
3.4.19.13	GTHRDH_syn
1.14.13.81	MPOMMM
1.14.13.81	MPOMOR
2.7.4.6	NDPK10
2.5.1.32	PHYTES
2.5.1.99	PHYTES
2.7.1.19	PRUK
2.7.1.40	PYK4
2.7.1.40	PYK5
3.1.3.11	SBP
3.1.3.37	SBP
1.8.7.1	SULR_syn
2.1.1.95	TOCOPHOM1
2.1.1.95	TOCOPHOM2
5.5.1.24	TOCOPHS1
5.5.1.24	TOCOPHS2
1.3.1.83	GGDPR
3.6.3	CU2abcu_syn
3.6.3.4	CU2abcu_syn
3.1.3.24	SPP
2.4.1.213	GGPS
4.2.1.129	SQLC2
3.2.1.35	EX_ha_e
1.5.1.1	1PPDCRp
1.5.1.21	1PPDCRp
4.3.1.17	2AMACHYD
1.2.1.52	2OXOADOXm
1.2.4.2	2OXOADOXm
1.8.1.4	2OXOADOXm
2.3.1.61	2OXOADOXm
2.1.1.6	34DHPHAMT
1.2.1.5	34DHXMANDACOX
1.2.1.5	34DHXMANDACOX_NADP
4.2.1.55	3HBCDm
3.1.2.4	3HBCOAHLm
2.6.1.7	3HKYNAKGAT
3.1.2.4	3HPCOAHYD
1.1.1.59	3HPPD
1.4.3.4	3HXKYNOXDA
1.2.1.5	3M4HDXPAC
1.2.1.5	3MOX4HOXPGALDOX
3.1.3.6	3NTD7l
2.6.1.1	3SALATAim
3.13.1	3SPYRSPm
1.4.3.4	41R2A1H12BOOX
1.4.3.21	42A12BOOX
1.4.3.4	42A12BOOX
1.4.9.2	42A12BOOX
1.4.99.4	42A12BOOX
1.2.1.5	4HOXPACDOX_NADP
1.4.3.21	5HOXINOXDA
1.4.3.22	5HOXINOXDA
1.4.3.4	5HOXINOXDA
4.1.1.28	5HXKYNDCL
1.2.1.31	AASAD3m
2.6.1.19	ABTArm
2.3.1.16	ACACT10m
2.3.1.9	ACACT10m
2.3.1.9	ACACT1x
2.7.1.157	ACGALK
2.7.1.162	ACGALK
3.5.1.89	ACGPID
2.5.1.57	ACNAM9PL
3.1.3.29	ACNAMPH
1.3.8	ACOAD9m
1.3.99.3	ACOAD9m
3.5.4.4	ADAe
4.1.1.4	ADCim
3.6.1.13	ADPRDPm
3.5.3.11	AGMTm
1.2.1.52	AKGDm
1.2.4.2	AKGDm
1.8.1.4	AKGDm
2.3.1.61	AKGDm
1.1.1.149	AKR1C1
1.1.1.50	AKR1C41
1.1.1.50	AKR1C42
1.3.99.6	AKR1D
1.3.99.6	AKR1D2
1.13.11.-	ALOX12R
1.2.1.19	ALR
1.2.1.23	ALR
1.2.1.49	ALR
3.4.11.1	AMPTASECGe
3.4.11.2	AMPTASECGe
3.4.11.23	AMPTASECGe
3.4.13.-	AMPTASECGe
3.4.13.18	AMPTASECGe
1.1.1.381	AOBUTDsm
3.6.1.17	AP4AH1
3.6.1.61	AP4AH1
3.5.3.1	ARGNm
3.6.1.5	ATPH1e
3.6.3.14	ATPasel
2.7.4.6	ATPtm
2.3.1.65	BAAT1x
2.3.1.65	BAAT2x
2.3.1.65	BAAT3x
2.3.1.65	BAAT4x
6.2.1.11	BACCLm
6.3.4.10	BACCLm
6.3.4.11	BACCLm
6.3.4.15	BACCLm
6.3.4.9	BACCLm
1.1.1.30	BDHm
1.2.1.8	BETALDHxm
3.5.1.12	BTND1
3.5.1.12	BTND1n
2.3.1.21	C160CPT1
2.3.1.21	C160CPT2
5.3.3.1	C3STDH1r
1.11.1.6	CAT2p
2.5.1.17	CBLATm
1.1.1.189	CBR2
2.3.1.6	CHAT
2.3.1.6	CHATn
1.1.99.1	CHOLD2m
2.8.2.2	CHSTEROLSULT
4.2.1.56	CITMCOAHm
4.1.3.25	CITMCOALm
2.7.3.2	CK
3.1.1.84	COKECBESr
2.4.1.147	CORE3GTg
2.3.1.7	CSNATer
1.9.3.1	CYOOm2
1.13.11.19	CYSAMO
1.8.4.4	CYSGLTH
4.4.1.1	CYSLYSL
4.4.1.8	CYSLYSL
4.4.1.k	CYSLYSL
1.13.11.20	CYSO
2.7.1.213	CYTDK1
2.7.1.48	CYTDK1
2.7.1.213	CYTDK2m
2.7.1.48	CYTDK2m
3.5.4.5	CYTDn
2.7.4.14	CYTK1m
2.7.4.25	CYTK1m
2.7.4.14	CYTK1n
2.7.4.25	CYTK1n
2.6.1.40	D3AIBTm
3.1.1.17	DASCBH
2.7.1.145	DCK1m
2.7.1.213	DCK1m
2.7.1.74	DCK1m
2.7.1.145	DCK1n
2.7.1.213	DCK1n
2.7.1.74	DCK1n
5.3.3.12	DCT
4.1.1.34	DGULND
1.3.1.21	DHCR71r
2.5.1.1	DMATTx
2.1.1.37	DNAMTn
4.1.1.-	DOGULND1
4.1.1.-	DOGULND2
1.14.17.1	DOPABMO
2.1.1.6	DOPAMT
4.1.1	DPHMBDCm
1.4.3.3	DPROOp
1.3.1.2	DURAD2
5.3.3.5	EBP1r
5.3.3.5	EBP2r
4.2.1.17	ECOAH12m
4.2.1.17	ECOAH9m
2.8.2.4	ESTSULT
6.2.1.3	FACOAL1821
6.2.1.24	FACOAL206
1.14.13.cs	FAH3
2.7.1.52	FK
2.5.1.-	FT
4.3.1.4	FTCD
1.5.1.6	FTHFDH
1.1.99.5	G3PD2m
1.1.1.363	G6PDH1er
1.1.1.388	G6PDH1er
3.1.3.58	G6PPer
3.1.3.9	G6PPer
2.8.2.11	GAL3ST12
1.1.1.21	GALOR
1.2.1.21	GCALDDm
3.4.19.14	GGT5r
2.3.2.-	GGT6
4.1.2.-	GHMT3m
1.2.1.3	GLACO
2.7.2.11	GLU5Km
1.3.8.6	GLUTCOADHm
1.3.99.7	GLUTCOADHm
1.2.3.5	GLXO2p
2.1.4.1	GLYAMDTRc
2.3.1.29	GLYATm
2.3.1.37	GLYATm
1.1.1.79	GLYCLTDym
2.7.1.30	GLYKm
1.8.5.1	GTHDH
1.11.1.9	GTHPe
1.1.1.45	GULN3D
1.1.1.19	GULNDer
1.1.1.2	GULNDer
2.1.2.5	GluForTx
4.3.1.4	GluForTx
1.1.1.35	HACD1m
2.5.1.39	HBZOPT10m
2.7.1.1	HEX10
2.7.1.8	HEX10
1.1.1.31	HIBDm
3.6.3.10	HKt
3.6.3.12	HKt
1.1.1.34	HMGCOARr
1.1.1.34	HMGCOARx
4.1.3.4	HMGLm
4.1.3.4	HMGLx
4.1.2	HPCLx
4.1.1.40	HPYRDC
1.1.1.146	HSD11B2r
1.1.1.51	HSD17B1
1.1.1.62	HSD17B1
1.1.1.64	HSD17B3r
1.1.1.50	HSD3A1r
1.1.1.50	HSD3A2r
5.3.3.1	HSD3B11r
5.3.3.1	HSD3B12r
5.3.3.1	HSD3B13
5.3.3.1	HSD3B13r
1.1.1.181	HSD3B7
1.11.1.8	IDHPOXOX2b
1.11.1.8	IDHPOXOX3
2.7.1.73	INSKm
6.2.1.4	ITCOAL1m
2.7.1.3	KHK
2.6.1.7	KYNAKGAT
3.2.1.108	LACZe
3.2.1.23	LACZe
3.2.1.108	LACZly
3.2.1.23	LACZly
1.2.1.23	LCADi_D
1.2.1.3	LCADi_D
4.1.1.15	LCYSTCBOXL
4.1.1.29	LCYSTCBOXL
1.1.1.27	LDH_Lm
3.3.2.6	LTA4H
3.4.14.6	LTD4DP
4.1.1.28	LTDCL
2.1.1.60	LYSMTF3n
3.2.1.20	MALTly
1.4.3.4	MAOLNOR
1.4.3.21	MAOX
1.4.3.6	MAOX
6.4.1.4	MCCCrm
4.1.1.9	MCDm
4.1.1.9	MCDp
2.7.1.36	MEVK1x
3.1.3.66	MI134P4P
2.7.1.159	MI134PK
3.1.3.64	MI13PP
3.1.3.57	MI14PP
3.1.3.66	MI34PP
3.2.1.20	MLTG1ly
4.1.1.41	MMCDm
4.1.1.9	MMCDm
4.1.1.41	MMCDp
4.1.1.9	MMCDp
5.1.99.1	MMEm
1.2.1.27	MMSAD1m
1.2.1	MMSAD3m
1.2.1.18	MMSAD3m
1.2.1.27	MMSAD3m
1.5.1.15	MTHFD2m
2.4.1.122	N3Tg
1.2.1.3	NABTNOm
3.5.1.14	NACASPAH
3.5.1.15	NACASPAH
3.2.2.5	NADNe
3.2.2.6	NADNe
3.5.1.-	NADNe
3.2.2.6	NADPNe
3.6.1.5	NDP10ex
3.6.1.6	NDP10ex
3.6.1.64	NDP10ex
3.6.1.42	NDP3ex
3.6.1.5	NDP3ex
3.6.1.6	NDP3ex
3.1.3.2	NDP8ex
3.6.1.15	NDP8ex
3.6.1.39	NDP8ex
3.6.1.5	NDP8ex
2.7.4.6	NDPK10n
2.7.4.6	NDPK1n
2.7.4.6	NDPK2m
2.7.4.6	NDPK2n
2.7.4.6	NDPK3n
2.7.4.6	NDPK4m
2.7.4.6	NDPK5m
2.7.4.6	NDPK5n
2.7.4.6	NDPK6n
2.7.4.6	NDPK7m
2.7.4.6	NDPK8m
2.7.4.6	NDPK9m
2.7.4.6	NDPK9n
1.4.3.21	NMPTRCOX
1.4.3.6	NMPTRCOX
2.7.7.1	NNATn
2.7.7.18	NNATn
2.1.1.28	NORANMT
3.1.3.5	NTD1m
3.1.3.89	NTD1m
3.1.3.5	NTD2l
3.1.3.5	NTD4e
3.1.3.91	NTD4e
3.1.3.5	NTD4l
3.1.3.91	NTD4l
3.1.3.35	NTD5m
3.1.3.5	NTD5m
3.1.3.89	NTD5m
3.1.3.5	NTD6l
3.1.3.89	NTD6l
3.1.3.5	NTD7l
3.1.3.5	NTD8l
3.1.3.89	NTD8l
3.1.3.5	NTD9e
3.1.3.5	NTD9l
3.6.1.15	NTP3e
3.6.1.5	NTP3e
3.6.5.1	NTP3e
3.6.5.2	NTP3e
3.6.5.3	NTP3e
3.6.5.4	NTP3e
3.6.5.5	NTP3e
3.6.5.6	NTP3e
2.1.3.3	OCBTm
2.8.3.5	OCOAT1m
1.2.1	OIVD1m
1.2.1.25	OIVD1m
2.6.1.13	ORNTArm
1.14.15.4	P45011B12m
1.14.99.9	P45017A1r
1.14.99.9	P45017A2r
1.14.99.9	P45017A3r
1.14.99.9	P45017A4r
1.14.13	P45021A1r
1.14.13.15	P45027A11m
1.14.13.15	P45027A14m
1.14.13.15	P45027A16m
1.14.13.99	P45039A1r
1.14.14.1	P4503A43r
1.14.13.98	P45046A1r
1.14.13.100	P4507B11r
1.14.13.95	P4508B11r
1.14.15.6	P450SCC1m
1.5.1.2	P5CRxm
1.5.99.8	P5CRxm
1.14.11.4	PCLYSOX
3.1.4.17	PDE1g
3.1.4.53	PDE1g
3.1.4.17	PDE4g
3.1.4.35	PDE4g
4.1.1.32	PEPCKm
5.3.99.2	PGDI
2.6.1.1	PHETA1m
2.6.1.5	PHETA1m
2.6.1.57	PHETA1m
2.6.1.9	PHETA1m
2.7.4.2	PMEVKx
3.5.1.92	PNTEH
3.6.1.1	PPAer
3.6.1.1	PPAn
1.3.8.7	PPCOAOm
1.11.1.21	PRDXl
1.11.1.6	PRDXl
1.11.1.7	PRDXl
1.14.11	PROAKGOX1r
1.14.11.2	PROAKGOX1r
4.2.1.116	PRPNCOAHYDm
4.2.1.17	PRPNCOAHYDm
4.2.1.116	PRPNCOAHYDx
4.2.1.17	PRPNCOAHYDx
4.2.3.12	PTHPSn
2.3.1.57	PTRCAT1
1.4.3.10	PTRCOX1
1.4.3.22	PTRCOX1
1.4.3.6	PTRCOX1
1.2.3.8	PYDXDH
5.2.1.3	RAI1
1.1.1.1	RDH1
1.1.1.105	RDH1
1.1.1.-	RDH1a
1.1.1.300	RDH1a
1.1.1.315	RDH2
1.1.1.315	RDH3
1.5.1.8	SACCD3m
1.5.3.1	SARCOXp
2.3.1.176	SCPx
4.4.1.1	SELCYSTGL
4.3.1.17	SERHL
1.1.1.310	SLDx
1.15.1.1	SPODMe
1.15.1.1	SPODMn
1.15.1.1	SPODMx
1.1.1.153	SPR
2.6.1.51	SPTix
1.3.1.22	SR5AR2r
1.3.1.3	SR5ARr
2.3.1.87	SRTNACT
2.1.1.49	SRTNMTX
1.2.1.16	SSALxm
1.2.1.24	SSALxm
6.2.1.4	SUCOAS1m
1.8.2.1	SULFOX
4.2.1.17	T2M26DCOAHLm
3.6.1	TDPm
3.6.1.-	TDPm
3.6.1.15	TDPm
1.11.1.8	THYPX
2.8.2.1	TRIODTHYSULT
2.7.1.28	TRIOK
1.4.3.21	TRYPTAOX
1.4.3.22	TRYPTAOX
1.4.3.4	TRYPTAOX
1.4.3.5	TRYPTAOX
1.4.3.6	TRYPTAOX
1.5.3.17	TRYPTAOX
5.3.99.5	TXASr
4.1.1.25	TYRCBOX
4.1.1.28	TYRCBOX
1.14.18.1	TYRDOPO
2.4.1.17	UDPGNP
3.2.1	UDPGNP
2.7.4.14	UMPKm
2.7.4.22	UMPKm
2.7.4.4	UMPKm
2.7.4.13	URIDK2m
2.7.4.4	URIDK2m
2.7.4.9	URIDK2m
1.14.13.159	VITD3Hm
6.2.1.7	VLCSp
1.17.3.2	XAO2x
1.1.3.8	R03184_PLUS_R00647
1.1.1.103	R01465m
2.7.2.-	2PGK
3.8.1.8	ATRZCH
3.6.3	CA2abc
3.6.3.8	CA2abc
4.6.1.-	CDPGS
2.7.7.M12	CF3Sa
2.7.7.M12	CF3Sg
2.7.1.147	GK_adp
6.3.2.33	H4MPTGL_atp
2.7.8.28	LPFPLT
2.1.1.246	MCMMT
2.1.1.90	MCMMT
1.1.1.299	MDHi2
1.1.1.37	MDHi2
1.1.1.299	MDHy
1.1.1.82	MDHy
2.1.1.247	MMAMT
2.1.1.248	MMAMT
3.6.1.15	NTP8
3.6.1.39	NTP8
3.6.1.39	NTP9
3.6.1.5	NTP9
2.7.1.146	PFK_adp
5.3.1.29	RBPI
1.1.1.310	SLDxi2
4.1.1.79	SPDC
3.2.1.52	AHEXASE3
2.6.1.12	ASPTA6
3.2.1.21	BGLA
3.2.1.74	BGLA
5.1.3.3	GALM2
1.4.1.2	GDH1
1.4.1.3	GDH1
1.4.1.4	GDH1
2.1.2.5	GLUFT
1.1.1.27	MCLORi
1.1.1.11	MNLDH2
1.1.1.67	MNLDH2
1.1.1.255	MNLDHr
1.6.3.1	NOX
1.6.3.3	NOX
1.1.1	ALCD4y
1.1.1.-	ALCD4y
1.1.1.1	ALCD4y
1.1.1.188	ALCD4y
1.1.1.2	ALCD4y
1.1.1.21	ALCD4y
1.4.1.21	ASPO2y
1.2.1.10	BTCOARx
1.2.1.57	BTCOARx
1.2.1.87	BTCOARx
1.7.1.10	HAMR
1.7.99.1	HAMR
3.4.16.4	MDDCP1ex
3.4.16.4	MDDCP4ex
3.4.16.4	MDDCP5ex
3.6.3.30	FE3abch
1.16.3.1	FEROt
3.6.3.15	NA1ATPasem
3.6.3.7	NA1ATPasem
6.1.1.7	ALATL
1.4.3.16	ASPOm
1.4.3.2	ASPOm
2.6.1.1	ASPATh
3.5.99.6	G6PDA_1
5.1.3.5	UA4E
3.5.3.6	ARGDI
1.14.13.39	NOS
1.14.13.39	NOS2_1
2.1.3.3	OCTh
2.1.3.3	OCTm
1.10.3.3	ASCBOR
1.8.5.1	GTHDHu
6.3.2.1	PBAL
3.5.1.6	BUPN
3.5.2.2	DHPD
1.14.13.13	CADMO
5.4.99.8	CAS
2.7.7.60	CMS
2.1.1.142	CYARTMT
2.1.1.41	CYARTMT
1.3.1.72	DSMSTOLR
2.5.1.29	GGPS_1
5.3.3.2	IDIh
1.17.1.2	IDS2
4.6.1.12	MCS
1.14.13.132	SMO
1.14.14.17	SMO
1.14.99.7	SMO
5.5.1.24	TCYD
2.1.1.95	TMTG
1.3.1.72	ZYMSTR
1.1.1.330	3OACOAR
2.3.1.199	3OACOAS
1.3.1	ECOAR
1.3.1.38	ECOAR
1.3.1.93	ECOAR
3.1.2.2	FACOAE1836Z9Z12Z
2.2.1.6	APLh
2.2.1.6	APLm
1.2.1.10	BNORh
1.2.1.57	BNORh
1.2.1.87	BNORh
1.1.1	BTS
1.1.1.-	BTS
1.1.1	BTS_nadph
1.1.1.-	BTS_nadph
1.1.1.1	BTS_nadph
1.1.1.188	BTS_nadph
1.1.1.2	BTS_nadph
1.1.1.21	BTS_nadph
4.2.1.55	HBCHLR
1.1.1.157	HBCO_nadp
1.1.1.35	HBCO_nadp
1.1.1.157	HBCO_nadp_m
1.1.1.35	HBCO_nadp_m
4.1.2	FBA3hi
4.1.2.13	FBA3hi
2.7.9.1	PPDKh
4.1.1.39	RBPCh
1.14.13.90	ANXANOR
5.5.1.19	LCYA
2.5.1.47	ACSERSULLm
2.5.1.-	SHSL2h
2.5.1.48	SHSL2h
2.5.1.48	SHSL4h
4.2.99.9	SHSL4h
4.3.1	SHSL4h
2.6.1.1	AATC
2.5.1.47	CYSS_trdrd
2.5.1.49	CYSS_trdrd
4.2.99.8	CYSS_trdrd
2.3.1.30	SAT
2.3.1.30	SATm
1.2.3.1	CITALALDOR
1.14.13.-	LIDOMO
1.14.14.1	LIDOMO
3.1.1.1	MEGLYXYLAMH
1.3.1.2	5FLURAOR
2.4.2.10	5FLURAPRT
1.6.2.4	CYTP450R
2.4.2.8	TGUAPRT
2.3.1.-	3HAD120_1
2.3.1.85	3HAD120_1
2.3.1.86	3HAD120_1
4.2.1.58	3HAD120_1
4.2.1.59	3HAD120_1
4.2.1.60	3HAD120_1
4.2.1.61	3HAD120_1
2.3.1.-	3HAD180_1
4.2.1.-	3HAD180_1
4.2.1.61	3HAD180_1
4.2.1.61	3HAD181_1
2.3.1.-	3HAD60_1
2.3.1.85	3HAD60_1
2.3.1.86	3HAD60_1
4.2.1.58	3HAD60_1
4.2.1.59	3HAD60_1
1.1.1.100	3OAR100_1
2.3.1.-	3OAR100_1
2.3.1.85	3OAR100_1
2.3.1.86	3OAR100_1
1.1.1.100	3OAR120_1
2.3.1.-	3OAR120_1
2.3.1.85	3OAR120_1
2.3.1.86	3OAR120_1
1.1.1.100	3OAR181_1
1.1.1.100	3OAR60_1
2.3.1.-	3OAR60_1
2.3.1.85	3OAR60_1
2.3.1.86	3OAR60_1
2.3.1.86	3OAS120_1
2.3.1.86	3OAS160_1
2.3.1.179	3OAS181_1
2.3.1.-	ACOATA_1
2.3.1.179	ACOATA_1
2.3.1.180	ACOATA_1
2.3.1.38	ACOATA_1
2.3.1.41	ACOATA_1
2.3.1.85	ACOATA_1
2.3.1.86	ACOATA_1
6.3.4.14	BTNC
6.4.1.1	BTNC
2.3.1.86	EAR120y_1
2.3.1.86	EAR140y_1
1.3.1.10	EAR160y_1
1.3.1.9	EAR180x_1
1.3.1.9	EAR181x_1
1.3.1.10	EAR181y_1
2.3.1.86	EAR40y_1
2.3.1.86	EAR60y_1
2.3.1.86	EAR80y_1
3.1.2.21	FA100ACPHi_1
3.1.2.14	FA140ACPHi_1
3.1.2.14	FA181ACPHi
2.3.1.-	KAS14_1
2.3.1.179	KAS14_1
2.3.1.180	KAS14_1
2.3.1.41	KAS14_1
2.3.1.85	KAS14_1
2.3.1.86	KAS14_1
2.3.1.9	ACACT3m
2.3.1.16	ACACT4m
2.3.1.9	ACACT4m
2.3.1.9	ACACT5m
2.3.1.16	ACACT6m
2.3.1.9	ACACT6m
1.3.1.38	ACOAR3m
1.3.1.8	ACOAR3m
1.3.1.38	ACOAR5m
1.3.1.8	ACOAR5m
4.2.1.17	ECOAH2m
4.2.1.74	ECOAH2m
4.2.1.17	ECOAH7m
4.2.1.74	ECOAH7m
1.1.1.211	HACD4m
1.1.1.35	HACD4m
1.1.1.211	HACD5m
1.1.1.35	HACD5m
1.1.1.211	HACD7m
1.1.1.35	HACD7m
6.2.1.20	AACPS1_1
6.2.1.20	AACPS3_1
6.2.1.20	AACPS6_1
2.3.1.16	ACACT2
2.3.1.9	ACACT2
1.3.99.3	ACOA100OR
1.3.3.6	ACOA120OR
1.3.8.7	ACOA120OR
1.3.8.8	ACOA120OR
1.3.99.-	ACOA120OR
1.3.99.3	ACOA120OR
1.3.3.6	ACOA140OR
1.3.8.7	ACOA140OR
1.3.8.8	ACOA140OR
1.3.8.9	ACOA140OR
1.3.99.-	ACOA140OR
1.3.99.3	ACOA140OR
1.3.3.6	ACOA40OR
1.3.8.1	ACOA40OR
1.3.8.7	ACOA40OR
1.3.99.-	ACOA40OR
1.3.99.3	ACOA40OR
1.6.2.4	CYTP450Rh
4.2.1.17	ECOAH3_1
4.2.1.74	ECOAH3_1
1.1.1.211	HACD2_1
1.1.1.35	HACD2_1
6.3.2.17	10FTHFGLULL
6.3.2.17	10FTHFGLULLm
3.1.3.1	AKP1_1
3.5.4.16	GTPCI_2
2.7.1.1	AM6PTh
2.7.1.7	AM6PTh
4.1.2.13	FPGPL
2.7.1.105	PFK26_1
1.1.1.2	SBTRh
1.1.1.21	SBTRh
3.2.1.22	GGGH
2.4.1.67	GRGT
2.4.1.123	IAGT
3.2.1.22	MLGH
3.2.1.22	OAGMIG
3.2.1	RGH
3.2.1.22	RGH
3.2.1.20	SGHA
3.2.1.26	SGHA
3.2.1.48	SGHA
1.4.1.13	GAM
1.4.7.1	GAM
3.5.1.2	GAM
3.5.1.38	GAM
4.3.3.6	GAM
6.3.4.2	GAM
6.3.5.2	GAM
6.3.5.4	GAM
6.3.5.5	GAM
1.8.1.7	GDR
1.8.1.7	GDRm
2.4.2.14	PRDPARh
1.4.1.2	GDHm
1.4.1.3	GDHm
1.4.1.4	GDHm
6.3.2.3	GTHS_1
6.3.1.2	GALh
6.3.1.2	GALm
1.4.1.14	GLUS
1.4.1.2	GDH
1.4.1.3	GDH
1.4.1.4	GDH
1.4.1.13	GDH_nadp
1.4.1.3	GDH_nadp
1.4.1.4	GDH_nadp
1.8.4.9	GTHAMPOR
1.8.4.9	GTHAMPORh
1.8.4.9	GTHAMPORm
1.8.4.2	GTHPDSOR
2.7.1.107	DAGK160h
1.1.1.8	G3PD1
1.1.1.94	G3PD1
1.1.1.94	G3PD2_1
1.4.3.21	AMO
1.4.3.4	AMO
1.4.3.6	AMO
2.3.1.29	GLYATx
2.3.1.37	GLYATx
1.4.4.2	GLYDHD
2.7.1.31	GLYPT
2.6.1.4	GLYTA_1
2.6.1.44	GLYTA_1
6.1.1.14	GLYTLm
2.7.1.39	HSK_1
3.1.3.18	PGLYCPh
3.1.3.3	PSP
4.1.2.48	THRA_1
4.1.2.5	THRA_1
4.2.3.1	THRS_1
2.7.2.4	ASPK_1
3.6.1.7	ACPh
4.2.1.11	ENOm
4.1.2.13	FBAf
4.1.2.13	FBAm
5.1.3.15	G6PIh
5.3.1.9	G6PIh
1.2.1.12	GAPDHf
1.2.1.59	GAPDHf
1.2.1.12	GAPDHm
1.2.1.59	GAPDHm
2.7.1.1	GLUKA
2.7.1.2	GLUKA
2.7.1.1	GLUKAh
2.7.1.2	GLUKAh
5.3.1.9	PGIA
5.3.1.9	PGIBh
5.4.2.2	PGMTh
5.4.2.5	PGMTh
1.2.4.1	PDHam1hi
2.2.1.6	PDHam1hi
4.1.1.1	PDHam1hi
1.2.4.1	PDHam1mi
2.2.1.6	PDHam1mi
4.1.1.1	PDHam1mi
1.8.1	PDHe3hr
1.8.1.4	PDHe3hr
2.7.2.3	PGKm
2.7.1.40	PYKm
4.1.1.1	PDCh
1.5.1.15	MTHFCx
3.5.4.9	MTHFCx
4.1.1.2	OXADCm
3.1.3.18	PGLYCPx
1.13.11	RBCh_1
4.1.1.39	RBCh_1
4.1.1.22	HDC
4.1.1.28	HDC
3.1.3.15	HPh
3.5.4.19	PRACHh
5.3.1.16	PRICIh
5.5.1.4	MI3PSB
1.1.1.-	13HODEOR
1.13.11.54	ACDO
4.4.1.14	ACPCS
3.3.1.1	ADSHm
2.5.1.49	AHAL
2.5.1.49	AHHST
2.1.1.37	DMT
2.1.1.14	MS
2.5.1.16	APAPTm
3.6.1.43	DOLDPP
6.3.5.1	DNGALh
3.6.1.22	NPH
3.6.1.9	NPH
3.5.1.4	AMID_1
3.5.1.49	FORA
1.4.1.13	GLUS_nadph
1.7.1.1	NITR
1.7.1.2	NITR
1.7.7.1	NO2R
1.14.11	PROAKGOX1
1.14.11.2	PROAKGOX1
1.5.1.3	DHFR2i
2.1.2.2	FGFTh
2.1.2.2	FGFTm
1.5.1.3	FOLR2_1
6.3.3.2	FTCL
2.1.1.13	METSm
2.1.2.10	MTAM
2.1.2.10	MTAM_nh4
1.5.1.20	MTHFO
1.5.1.20	MTHFO_nadp
2.7.8.7	ACPS1h
2.7.1.33	APCPT
2.7.1.33	APNPT
2.7.1.34	APNPT
1.1.1.383	DMORh
1.1.1.86	DMORh
2.1.2.11	MTMOHT
6.3.2.1	PBALm
2.2.1.6	PPATDh
2.7.1.12	GNKh
3.1.1.31	PGLh
2.2.1.2	TAh
5.1.3.1	RPEh
5.3.1.6	RPIh
2.2.1.1	TKT1h
2.2.1.1	TKT2h
2.4.2.18	ANTPPT
4.1.3.27	ATNS_nh4
4.2.3.5	CHRS
4.1.2.8	G3PL
4.2.1.20	G3PL
4.1.1.48	IGPS_1
2.6.1.1	POATh
2.6.1.5	POATh
2.6.1.57	POATh
2.6.1.9	POATh
1.3.1.12	PPOR_1
4.2.1.20	SERH
2.7.1.71	SKK
4.2.1.122	TRPS2h
4.2.1.20	TRPS2h
1.3.5.1	SUCDHh
1.2.1	ABOR
1.2.1.3	ABOR
1.4.3.10	PTOR
1.4.3.22	PTOR
1.4.3.6	PTOR
1.3.1.24	BILIRED_1
3.1.1.14	CHLASE
2.5.1	CHLASG
2.5.1.62	CHLASG
2.5.1.62	CHLASP
2.5.1.62	CHLBSP
4.99.1.1	FCLT_1
1.16.3.1	FERO
1.2.1.70	GLUTRR_1
4.4.1.17	HEMELh
2.5.1.-	HEMEOSm_1
1.14.13.81	MPMECY2
1.3.3.4	PPPGO_1
4.99.1.4	SHCHF_1
2.1.1.107	UPP3MT_1
4.2.1.75	UPP3S_1
2.7.2.15	APPTh
2.7.2.15	APPTm
4.2.1.116	HPHL
4.2.1.17	HPHL
4.1.1.9	MCDC
2.3.1	PCFPTm
2.3.1.54	PCFPTm
1.3.1.-	PCNOn
1.3.1.84	PCNOn
2.3.1.222	PCPPTh
2.3.1.8	PCPPTh
2.3.1.222	PCPPTm
2.3.1.8	PCPPTm
6.2.1.17	PPACOALh
2.7.1.25	AASPh
2.7.1.25	AASPm
2.7.7.53	ADATT
4.6.1.1	ADECn
2.7.1.40	AGPOP
2.7.1.40	AGPOPm
2.7.4.11	ATDAMh
2.7.4.13	ATDAMh
2.7.4.3	ATDAMh
2.7.4.11	ATDAMm
2.7.4.13	ATDAMm
2.7.4.3	ATDAMm
2.7.4.6	ATDGDm
2.7.4.6	ATGDm
3.6.1.15	ATPPHm
3.6.1.3	ATPPHm
3.6.1.5	ATPPHm
3.6.1.8	ATPPHm
3.6.3.1	ATPPHm
3.6.3.10	ATPPHm
3.6.3.11	ATPPHm
3.6.3.12	ATPPHm
3.6.3.14	ATPPHm
3.6.3.15	ATPPHm
3.6.3.16	ATPPHm
3.6.3.17	ATPPHm
3.6.3.18	ATPPHm
3.6.3.19	ATPPHm
3.6.3.2	ATPPHm
3.6.3.20	ATPPHm
3.6.3.21	ATPPHm
3.6.3.22	ATPPHm
3.6.3.23	ATPPHm
3.6.3.24	ATPPHm
3.6.3.25	ATPPHm
3.6.3.26	ATPPHm
3.6.3.27	ATPPHm
3.6.3.28	ATPPHm
3.6.3.29	ATPPHm
3.6.3.3	ATPPHm
3.6.3.30	ATPPHm
3.6.3.31	ATPPHm
3.6.3.32	ATPPHm
3.6.3.33	ATPPHm
3.6.3.34	ATPPHm
3.6.3.35	ATPPHm
3.6.3.36	ATPPHm
3.6.3.37	ATPPHm
3.6.3.38	ATPPHm
3.6.3.39	ATPPHm
3.6.3.4	ATPPHm
3.6.3.40	ATPPHm
3.6.3.41	ATPPHm
3.6.3.42	ATPPHm
3.6.3.43	ATPPHm
3.6.3.44	ATPPHm
3.6.3.46	ATPPHm
3.6.3.47	ATPPHm
3.6.3.48	ATPPHm
3.6.3.49	ATPPHm
3.6.3.5	ATPPHm
3.6.3.50	ATPPHm
3.6.3.51	ATPPHm
3.6.3.52	ATPPHm
3.6.3.53	ATPPHm
3.6.3.54	ATPPHm
3.6.3.6	ATPPHm
3.6.3.7	ATPPHm
3.6.3.8	ATPPHm
3.6.3.9	ATPPHm
3.6.4.1	ATPPHm
3.6.4.10	ATPPHm
3.6.4.11	ATPPHm
3.6.4.12	ATPPHm
3.6.4.13	ATPPHm
3.6.4.2	ATPPHm
3.6.4.3	ATPPHm
3.6.4.4	ATPPHm
3.6.4.5	ATPPHm
3.6.4.6	ATPPHm
3.6.4.7	ATPPHm
3.6.4.8	ATPPHm
3.6.4.9	ATPPHm
2.7.1.40	DAPOP
3.6.1.11	GDTP
3.6.1.40	GDTP
6.3.5.2	GMPS_glu_m
2.4.2.22	GPAR
2.4.2.7	GPAR
2.4.2.8	GPAR
2.7.6.5	GTPDPK_1
2.7.1.40	GTPOPm
4.6.1.1	GUAC
4.6.1.2	GUAC
4.6.1.1	GUACn
4.6.1.2	GUACn
3.5.4.3	GUAD_1
3.5.2.17	HIUH
3.6.1.5	IDPA
3.6.1.6	IDPA
3.6.1.64	IDPA
1.1.1.205	IMPDm
6.3.4.13	PPRGL
6.3.4.13	PPRGLh
4.1.1.21	PRAIC
4.1.1.21	PRAICh
6.3.2.6	PRAISh
6.3.3.1	PRFGCL
6.3.3.1	PRFGCLh
3.5.3.9	UGAH
2.1.3.2	ASPCT_1
3.6.1.5	CDPPH
3.6.1.6	CDPPH
2.7.1.48	DGTCY
3.5.2.3	DHR
1.3.99.11	DHROm
3.6.1	DTPH
3.6.1.5	DTPH
2.7.1.48	DTTUP
6.3.5.5	HCGALm
2.7.1.48	ITCY
2.7.1.48	UTCY
2.7.2.1	ACKrh
2.7.2.15	ACKrh
2.7.2.1	ACKrm
2.7.2.15	ACKrm
1.1.1.1	ALCDH_nadp_hi
1.1.1.184	ALCDH_nadp_hi
1.1.1.2	ALCDH_nadp_hi
1.1.1.21	ALCDH_nadp_hi
1.1.1.71	ALCDH_nadp_hi
2.3.1.54	PFLACTm
1.12.7.2	HYDA
1.12.99.-	HYDA
1.12.7.2	HYDAm
1.12.99.-	HYDAm
1.1.1.-	CRETINOLOR2
2.3.1.76	CRETINOLPMTACT
1.1.1.-	TRETINOLOR2
1.1.1.300	TRETINOLOR2
2.3.1.76	TRETINOLPMTACT
1.1.1.193	AUNOR
2.5.1.48	ACHMSSELCYSLh
2.5.1.47	ACSERLm
2.5.1	PHOMSELCYSL
4.4.1.8	SELCYSTL
2.5.1.48	SUCHMSSELCYSLh
2.7.9.3	SLDK
3.1.3.4	SBPP3
1.3.99.-	SGOR
3.2.1.28	AATHB
2.4.1.15	UG6PGT
2.4.1.15	UG6PGTn
5.1.3.6	UGE
2.7.7.27	GLPThi
1.8.3.1	SULO
4.2.1.3	ACONTx
1.1.1.299	MDHf
1.1.1.37	MDHf
1.1.1.299	MDHh
1.1.1.37	MDHh
4.1.1.49	PPCKm
5.2.1.2	MAAIn
3.5.1.54	ALPHm
6.3.4.6	URCB
4.2.1.9	DHAD_3mob_h
4.2.1.9	DHADh
1.1.1.86	KARI_23dhmp
2.3.1.168	DHRT_2mbcoa
2.3.1.168	DHRT_ibcoa
4.1.3.4	HMGL_1
6.4.1.4	MCTC
1.2.4.4	MOD
1.2.4.4	MOD_3mop
1.2.4.4	MOD_4mop
2.6.1.42	BCTA_glu_h
2.6.1.6	BCTA_glu_h
2.6.1.67	BCTA_glu_h
2.6.1.42	BCTAh
1.4.3	PYDXO_1
1.4.3.5	PYDXO_1
3.1.4.16	23CN2P2
3.1.4.16	23CN2P3
3.1.3.6	3NUCLE2
1.3.99.2	ACOAD20
1.1.1	ACOAD4_1
1.3.99.3	ACOAD4_1
3.5.1.14	ACODA_1
3.5.1.16	ACODA_1
1.1.1.372	ALCD19_L
2.7.3.3	ARGKr
3.5.3.1	ARGN_1
3.2.1.21	BG_MADG
2.8.1.6	BTS_1
1.1.99.1	CHOLD2
2.5.1.47	CYSS_2
2.5.1.65	CYSS_2
4.2.1.150	ECOAH1_1
4.2.1.17	ECOAH1_1
4.2.1.55	ECOAH1_1
4.2.1.17	ECOAH5_1
4.2.1.74	ECOAH5_1
6.2.1.3	FACOAL180_2
1.5.1.30	FLVR_1
1.5.1.41	FLVR_1
2.1.2.9	FMETTRS_1
4.2.1.42	GALCTD_1
3.2.1.22	GALS1
3.2.1.22	GALS4
3.2.1.26	GALS4
4.1.1.47	GLXCBL
2.7.1.12	GNKr
1.1.1.35	HACD1_1
3.1.2.4	HIBHr
1.1.1	HOXPRx
1.1.1.60	HOXPRx
2.6.1.9	HSTPTr
3.2.1.52	HXAD
2.4.2.-	IG3PS_1
4.1.3.-	IG3PS_1
4.3.2.M2	IG3PS_1
3.5.2	IZPN_1
3.5.2.7	IZPN_1
6.3.2.28	LAAL36
2.4.1.8	MPL
2.7.1.23	NADK1
2.7.1.23	NADK3
3.6.3.15	NAabcO
3.6.3.7	NAabcO
2.6.1.13	ORNTA_1
2.3.1.35	ORNTAC_1
5.4.2.6	PGMT_B
3.5.4.19	PRAMPC_1
6.3.5.3	PRFGS_1
3.6.3.32	PROLBabc
4.4.1.21	RHCYS
4.1.1.15	SALADC2
4.1.1.29	SALADC2
4.99.1.4	SHCHF_2
2.5.1.-	SHSL2
2.5.1.48	SHSL2
4.1.1.73	TARTDC
1.4.1.23	VALDHr
1.4.1.9	VALDHr
2.1.1.4	ACSOMT
2.1.1.4	ACSRTNMT
1.1.1.77	ALCD21_D
1.1.1.21	ALCD22_L
1.1.1.6	ALCD22_L
1.1.1.78	ALCD22_L
1.4.1.13	GLUDym
1.4.1.3	GLUDym
1.4.1.4	GLUDym
3.1.6.2	STS2
3.1.6.2	STS2r
3.1.6.2	STS3
3.1.6.2	STS4
2.4.1.95	UGT1A2r
2.4.1.17	UGT1A3r
2.4.1.17	UGT1A4r
2.4.1.17	UGT1A5r
2.4.1.17	UGT1A7r
2.4.1.17	UGT1A8r
3.6.3.8	SK_ca2_c
3.6.3.8	CA2t
1.8.1.15	DM_nadh
2.6.1.7	3HKYNAKGATm
2.7.1.20	ADNK1n
2.7.1.74	ADNK1n
2.7.1.25	ADSKn
4	AGXT2L2
4.2.3.134	AGXT2L2
2.4.1.79	B3GALT3g_cho
2.4.1.62	B3GALT43g_cho
1.3.1.24	BILIRED2
3.1.1.13	CHOLESTle
2.7.3.2	CKc_cho
1.9.3.1	CYOOm2_cho
1.14.13.159	CYP2R1
2.7.1.145	DADNKn
2.7.1.74	DADNKn
2.7.1.76	DADNKn
3.6.1.19	DATPDPm
3.6.1.9	DATPDPm
3.6.1.12	DCTPDPm
3.6.1.65	DCTPDPm
3.6.1.9	DCTPDPm
3.6.1.12	DCTPDPn
3.6.1.65	DCTPDPn
3.6.1.9	DCTPDPn
1.1.1.50	DHDDH
1.3.1.20	DHDDH
3.6.1.43	DOLDPPer
2.7.4.12	DTMPKm
2.7.4.13	DTMPKm
2.7.4.9	DTMPKm
3.6.1.19	DTTPDPn
3.6.1.9	DTTPDPn
6.2.1.24	FAOXC16Brx
1.16.3.1	FEROc
3.7.1.20	FUMAH
3.7.1.5	FUMAH
2.4.1.69	FUT14g_cho
2.4.1.65	FUT31g_cho
2.4.1.152	FUT91g_cho
2.4.1.152	FUT92g_cho
2.4.1.152	FUT93g_cho
2.4.1.131	G12MT1_cho
2.8.2.11	GAL3ST12_cho
3.2.1.45	GBAl_cho
3.2.1.62	GBAl_cho
2.4.1.141	GLCNACT_cho
1.1.3.8	GULOer
4.2.1.1	HCO3Ee
4.1.3.4	HMGLr
1.4.3.2	ILEOX
2.6.1.7	KYNAKGATm
3.4.11.1	LEUGLYHYc
1.4.3.2	METOX
2.7.4.21	MINOHPKn
2.4.2.12	NMNSn
2.3.1.13	PHACCOAGLYACm
2.3.1.192	PHACCOAGLYACm
3.1.3.64	PI34P3P
3.1.3.67	PI34P3P
3.1.3.66	PI34P4Pn_cho
3.1.3.64	PI3P3Pn_cho
3.1.3.67	PI3P3Pn_cho
2.7.1	PI3P4K_cho
2.7.1.149	PI3P4K_cho
2.7.1.68	PI3P4K_cho
2.7.1.153	PI45P3K_cho
3.1.3.66	PI45P4P_cho
3.1.3.78	PI45P4P_cho
2.7.1.154	PI4P3K_cho
2.7.1.154	PI4P3Kn_cho
2.7.1.68	PI4P5K_cho
2.7.1.149	PI5P4Kn_cho
2.7.1.137	PIK3_cho
2.7.1.154	PIK3_cho
2.7.1.137	PIK3n_cho
2.7.1.154	PIK3n_cho
2.7.1.67	PIK4n_cho
2.7.1.150	PIK5n_cho
2.7.8	PSSA1_cho
2.7.7.3	PTPATe
2.1.1.103	RE0066C
2.1.1.16	RE0066C
2.1.1.71	RE0066C
3.1.2.2	RE0344M
1.1.1.330	RE0570C
1.3.1.93	RE0572N
1.1.1.330	RE0574C
2.3.1.199	RE0580R
1.1.1.211	RE0581R
1.1.1.330	RE0581R
1.3.1	RE0583N
1.3.1.38	RE0583N
1.3.1.93	RE0583N
2.6.1.82	RE0691C
3.2.1.20	RE0935E
2.3.1.57	RE1238X
2.7.1.150	RE1441G
2.7.1.150	RE1441R
3.1.3.66	RE1447M
3.1.3.78	RE1447M
3.1.3.66	RE1447N
3.1.3.78	RE1447N
1.5.3.13	RE1537C
1.5.3.17	RE1537C
1.5.3.13	RE1537X
1.5.3.17	RE1537X
1.5.3.13	RE1539C
1.5.3.17	RE1539C
1.5.3.13	RE1539X
1.5.3.17	RE1539X
2.1.1.6	RE1630R
1.1.1.1	RE1711C_2
1.1.1.181	RE1796C
1.14.13.17	RE1803C
3.1.2.27	RE1835C
3.1.2.27	RE1835M
2.3.1.65	RE1845C
3.1.4.16	RE1860E
3.4.22.40	RE1933C
2.3.1.1	RE2030M
2.6.1.42	RE2034C
2.1.1.27	RE2124C
2.1.1.278	RE2133C
1.14.13.-	RE2235C
1.14.14.1	RE2235C
1.14.13.-	RE2235R
1.14.14.1	RE2235R
1.14.13.126	RE2240C
2.1.1.6	RE2386C
1.14.13.30	RE2387R
1.3.1.21	RE2410C
2.7.1.149	RE2972R
2.7.1.150	RE2974G
2.7.1.150	RE2974R
1.14.14.1	RE3013R
2.1.1.16	RE3511C
2.1.1.71	RE3511C
2.1.1.16	RE3511R
2.1.1.71	RE3511R
2.7.7.4	SADTn
2.7.9.3	SELNPS_cho
5.1.1.10	SERR
5.1.1.18	SERR
2.4.99.4	ST3GAL23g_cho
2.4.99.6	ST3GAL61g_cho
2.4.99.8	ST8SIA56g_cho
1.4.3.2	TRPOX
2.4.1.80	UGCG_cho
1.17.3.2	XAO2
1.1.1.179	XYLOR
3.2.1.52	r0013
1.16.3.1	r0016
1.8.1.10	r0027
6.2.1.1	r0068
1.2.1.88	r0074
1.5.1.12	r0074
1.1.1.42	r0082
1.1.1.42	r0083
3.5.1.111	r0085
3.5.1.3	r0085
3.5.1.111	r0086
3.5.1.3	r0086
3.6.1.5	r0139
3.6.1.6	r0139
1.2.4.2	r0163
3.6.1.8	r0166
3.6.1.9	r0166
1.1.1.27	r0173
1.3.1.1	r0331
2.7.1.1	r0354
1.2.4.1	r0383
3.2.1.10	r0390
1.2.1.3	r0393
1.1.1.153	r0402
1.1.1.42	r0423
1.1.1.42	r0424
2.6.1.39	r0450
1.2.4.2	r0451
2.3.3.10	r0463
3.4.13.18	r0466
3.4.13.20	r0466
3.4.13.3	r0466
1.5.1.9	r0525
1.2.1.19	r0548
1.2.1.5	r0548
2.3.1.61	r0556
2.3.1.61	r0557
1.2.1.29	r0558
1.2.3.1	r0558
1.2.1.29	r0559
1.2.3.1	r0559
3.1.2.17	r0571
4.1.1.30	r0580
3.1.2.4	r0596
2.3.1.168	r0604
4.1.1.36	r0614
2.3.1.65	r0629
2.3.1.65	r0630
1.2.1.3	r0643
2.3.2.2	r0648
6.2.1.3	r0650
6.2.1.7	r0650
6.2.1.3	r0651
6.2.1.7	r0651
2.7.1.33	r0679
2.7.1.33	r0680
1.2.1.88	r0686
3.1.3.1	r0707
1.2.1.5	r0752
1.2.1.5	r0753
3.5.4.16	r0775
3.5.4.16	r0777
1.1.1.271	r0782
1.1.1.10	r0784
1.1.1.14	r0784
1.1.1.15	r0784
2.1.1.103	r0788
1.1.1.21	r0796
4.1.3.6	r1109
6.2.1.3	r1257
6.2.1.15	r1262
1.3.1.72	r1380
3.5.4.15	r1384
1.3	HEMEAS_1
2.4.1.161	EX_14glucan_e
2.4.1.161	14GLUCANtexi
3.1.4.16	23PDE4pp
3.1.4.16	23PDE7pp
2.3.1.40	2AGPEAT160
2.3.1.40	2AGPEAT180
3.5.1.-	3AMACHYD
2.3.1.-	3HAD100
2.3.1.85	3HAD100
2.3.1.86	3HAD100
4.2.1.58	3HAD100
4.2.1.59	3HAD100
4.2.1.60	3HAD100
4.2.1.61	3HAD100
2.3.1.-	3HAD120
2.3.1.85	3HAD120
2.3.1.86	3HAD120
4.2.1.58	3HAD120
4.2.1.59	3HAD120
4.2.1.60	3HAD120
4.2.1.61	3HAD120
2.3.1.-	3HAD140
2.3.1.85	3HAD140
2.3.1.86	3HAD140
4.2.1.59	3HAD140
4.2.1.61	3HAD140
4.2.1.61	3HAD141
4.2.1.61	3HAD181
4.2.1.58	3HAD40
2.3.1.-	3HAD60
2.3.1.85	3HAD60
2.3.1.86	3HAD60
4.2.1.58	3HAD60
4.2.1.59	3HAD60
1.14.13.127	3HCINNMH
1.14.13.127	3HPPPNH
3.1.3.6	3NTD4pp
3.1.3.6	3NTD7pp
1.1.1.100	3OAR100
2.3.1.-	3OAR100
2.3.1.85	3OAR100
2.3.1.86	3OAR100
1.1.1.100	3OAR140
2.3.1.-	3OAR140
2.3.1.85	3OAR140
2.3.1.86	3OAR140
1.1.1.100	3OAR181
1.1.1.100	3OAR40
1.1.1.100	3OAR60
2.3.1.-	3OAR60
2.3.1.85	3OAR60
2.3.1.86	3OAR60
1.1.1.100	3OAR80
2.3.1.-	3OAR80
2.3.1.85	3OAR80
2.3.1.86	3OAR80
2.3.1.41	3OAS121
2.3.1.41	3OAS141
2.3.1.86	3OAS160
2.3.1.41	3OAS180
2.3.1.179	3OAS181
2.3.1.86	3OAS80
2.3.1.16	3OXCOAT
2.3.1.174	3OXCOAT
1.4.3.21	42A12BOOXpp
1.4.3.4	42A12BOOXpp
1.4.9.2	42A12BOOXpp
1.4.99.4	42A12BOOXpp
1.1.1	5DGLCNR
1.1.1.69	5DGLCNR
6.2.1.20	AACPS1
6.2.1.20	AACPS2
6.2.1.20	AACPS3
6.2.1.l	AACPS7
6.2.1.20	AACPS8
1.4.3.21	AACTOOR
1.4.3.4	AACTOOR
1.4.3.6	AACTOOR
2.4.1.325	AADDGT
3.2.1.86	AB6PGH
1.2.1.-	ABUTD
1.2.1.19	ABUTD
1.2.1.3	ABUTD
2.8.3.8	ACACCT
2.8.3.9	ACACCT
2.3.1.9	ACACT1r
2.3.1.16	ACACT6r
2.3.1.9	ACACT6r
2.3.1.155	ACACT7r
2.3.1.16	ACACT7r
2.3.1.9	ACACT7r
1.2.1.10	ACALD
6.4.1.2	ACCOAC
3.1.3.10	ACGAL1PPpp
2.7.1.59	ACGAMK
2.7.2.8	ACGK
2.2.1.6	ACHBS
2.7.2.1	ACKr
2.7.2.15	ACKr
4.2.1.126	ACM6PH
1.3.99.3	ACOAD2f
1.3.3.6	ACOAD3f
1.3.8.7	ACOAD3f
1.3.8.8	ACOAD3f
1.3.99.-	ACOAD3f
1.3.99.3	ACOAD3f
1.3.99.3	ACOAD4f
1.3.3.6	ACOAD6f
1.3.8.7	ACOAD6f
1.3.8.8	ACOAD6f
1.3.8.9	ACOAD6f
1.3.99.-	ACOAD6f
1.3.99.3	ACOAD6f
4.2.1.3	ACONTa
4.2.1.3	ACONTb
2.7.8.7	ACPS1
6.2.1.1	ACS
3.5.4.4	ADA
2.7.4.3	ADK1
4.1.1.50	ADMDC
2.7.1.156	ADOCBIK
3.6.1.13	ADPRDP
4.3.2.2	ADSL1r
4.3.2.2	ADSL2r
3.5.1.25	AGDC
5.1.3.20	AGMHE
2.3.1.51	AGPAT120
2.3.1.51	AGPAT140
2.3.1.51	AGPAT141
2.3.1.51	AGPAT160
2.3.1.51	AGPAT181
1.2.1.38	AGPR
3.2.2.9	AHCYSNS
2.1.2.3	AICART
5.4.99.18	AIRC3
1.2.1.52	AKGDH
1.2.4.2	AKGDH
1.8.1.4	AKGDH
2.3.1.61	AKGDH
3.4.13.22	ALAALAD
5.1.1.20	ALAGLUE
5.1.1.1	ALAR
1.1.1.21	ALCD19
1.1.1.72	ALCD19
1.2.1.39	ALDD19xr
1.2.1.5	ALDD19xr
1.2.1.3	ALDD2x
1.2.1.5	ALDD2x
1.2.1.-	ALDD2y
1.2.1.4	ALDD2y
1.2.1.5	ALDD2y
5.3.1.6	ALLPI
3.5.2.5	ALLTN
5.1.3	ALLULPE
5.1.3.-	ALLULPE
1.1.1	ALR2
1.1.1.-	ALR2
2.4.1.25	AMALT1
2.4.1.25	AMALT2
2.4.1.25	AMALT4
2.1.1.163	AMMQLT8
3.4.11.1	AMPTASECG
3.4.11.2	AMPTASECG
3.4.11.23	AMPTASECG
3.4.13.-	AMPTASECG
3.4.13.18	AMPTASECG
4.1.3.27	ANS
1.1.1.381	AOBUTDs
2.3.1.47	AOXSr2
3.6.1.41	AP4AH
2.5.1	APCS
2.5.1.16	APCS
1.1.1.75	APPLDHr
2.3.1.37	APPLDHr
1.1.1.193	APRAUR
4.3.2.1	ARGSL
3.6.3.21	ARGabcpp
3.5.1.1	ASNNpp
3.5.1.38	ASNNpp
3.5.5.4	ASNNpp
6.3.5.4	ASNS1
6.1.1.22	ASNTRS
3.6.3.16	ASO3t8pp
4.1.1.11	ASP1DC
4.1.1.15	ASP1DC
2.1.3.2	ASPCT
2.7.2.4	ASPK
1.5.99	ASPO5
1.4.3.16	ASPO6
1.20.4.1	ASR
2.4.2.17	ATPPRT
1.2.1.8	BETALDHy
3.1.3.7	BPNT
3.1.3.97	BPNT
1.-.-.-	BSORy
1.11.1.21	CAT
1.11.1.6	CAT
2.5.1.17	CBIAT
2.5.1.17	CBLAT
3.5.1.110	CBMD
4.2.1.104	CBMD
3.6.1.26	CDAPPA120
3.6.1.26	CDAPPA160
3.6.1.26	CDAPPA161
3.6.1.26	CDAPPA181
4.3.99.3	CDGS
2.1.1.79	CFAS160G
2.1.1.79	CFAS180G
1.1.1	CHOLD
1.1.1.1	CHOLD
4.2.3.5	CHORS
4.1.2.50	CPH4S
1.3.3.3	CPPPGO
1.3.98.3	CPPPGO2
1.3.99.22	CPPPGO2
5.1.1	CRNCAR
2.8.3.21	CRNCBCT
4.2.1.149	CRNCDH
6.3.4.2	CTPS2
3.6.3.54	CU1abcpp
3.6.3	CU2abcpp
3.6.3.4	CU2abcpp
2.8.1.1	CYANSTpp
4.4.1.15	CYSDDS
4.4.1.1	CYSDS
4.4.1.28	CYSDS
4.4.1.8	CYSDS
2.5.1.47	CYSS
2.5.1.65	CYSS
4.1.1.12	CYSSADS
4.4.1.1	CYSSADS
3.6.3.21	CYSabcpp
3.2.2.3	CYTDH
3.2.2.8	CYTDH
2.7.1.213	CYTDK2
2.7.1.48	CYTDK2
2.7.4.14	CYTK1
2.7.4.25	CYTK1
2.7.4.13	CYTK2
2.7.4.14	CYTK2
2.7.4.25	CYTK2
1.4.99.1	DAAD
3.5.4.4	DADA
2.7.4.11	DADK
2.7.4.13	DADK
2.7.4.3	DADK
4.3.1.15	DAPAL
5.1.1.7	DAPE
2.7.7.41	DASYN120
2.7.7.41	DASYN141
2.7.7.41	DASYN160
2.7.7.41	DASYN180
2.7.7.41	DASYN181
4.1.99.12	DB4PS
6.3.3.3	DBTS
2.7.1.178	DDGALK
2.7.1.58	DDGALK
2.5.1.54	DDPA
4.1.2.21	DDPGALA
4.1.2.55	DDPGALA
4.2.1.9	DHAD2
2.7.1.121	DHAPT
2.7.7.58	DHBS
1.3.1.26	DHDPRy
4.1.2.25	DHNPA2r
1.3.98.1	DHORDfum
3.5.2.3	DHORTS
1.3.1.87	DHPPD
2.5.1.15	DHPS2
1.5.1.34	DHPTDNRN
4.2.1.10	DHQTi
1.17.1.2	DMPPS
2.1.1.64	DMQMT
3.6.1	DNMPPA
3.6.1.-	DNMPPA
3.6.1.67	DNTPPA
1.1.1.130	DOGULNR
2.7.1.24	DPCOAK
4.1.2.4	DRPA
4.2.1.81	DTARTD
1.3.1.1	DURADx
2.4.2.1	DURIPP
2.4.2.2	DURIPP
2.4.2.3	DURIPP
2.4.2.4	DURIPP
2.2.1.7	DXPS
2.7.1	DXYLK
2.3.1.-	EAR120x
1.3.1.9	EAR121x
1.3.1.10	EAR121y
2.3.1.-	EAR140x
1.3.1.10	EAR141y
1.3.1.9	EAR160x
1.3.1.10	EAR160y
2.3.1.-	EAR40x
2.3.1.-	EAR60x
2.3.1.-	EAR80x
4.2.1.17	ECOAH3
4.2.1.74	ECOAH3
4.2.1.17	ECOAH5
4.2.1.74	ECOAH5
4.2.1.17	ECOAH7
4.2.1.74	ECOAH7
4.1.2.14	EDA
4.1.2.55	EDA
4.2.1.12	EDD
2.3.1.243	EDTXS2
1.3.1.10	EGMEACPR
4.2.1.11	ENO
3.1.2.21	FA120ACPHi
3.1.2.21	FA80ACPHi
3.1.2.2	FACOAE120
1.5.1.36	FADRx
1.5.1.37	FADRx
1.5.1.45	FADRx
4.4.1.22	FALGTHLs
4.1.2	FBA3
4.1.2.13	FBA3
4.1.2.17	FCLPA
1.14.14.5	FDMO
1.14.14.5	FDMO4
3.6.3.30	FE3abcpp
3.6.3.34	FEENTERabcpp
1.16.3.1	FEROpp
3.2.1.26	FFSD
1.5.1.30	FLVR
1.5.1.41	FLVR
1.5.1.36	FLVRx
1.5.1.41	FLVRx
2.1.2.9	FMETTRS
2.7.7.2	FMNAT
1.5.1.-	FMNRx
1.5.1.36	FMNRx
1.5.1.39	FMNRx
1.5.1.41	FMNRx
1.5.1.42	FMNRx
1.5.1.-	FMNRx2
1.5.1.38	FMNRx2
1.5.1.39	FMNRx2
2.1.2.10	FOMETRi
2.7.1.56	FRUK
3.5.1.10	FTHFD
3.1.3.19	G2PP
3.1.3.19	G2PPpp
2.3.1.15	G3PAT120
2.3.1.15	G3PAT140
2.3.1.15	G3PAT161
2.3.1.15	G3PAT181
1.1.1.94	G3PD2
1.1.99.5	G3PD7
1.2.1.41	G5SD
3.1.3.94	GAL1PPpp
1.1.1.M8	GALCTLO
4.2.1.140	GALCTND
4.2.1.6	GALCTND
2.7.1.6	GALKr
3.2.1.22	GALS3
2.7.7.64	GALUi
2.7.7.9	GALUi
1.2.1.12	GAPD
1.2.1.59	GAPD
2.1.2.2	GARFT
1.2.1.21	GCALDD
2.7.6.5	GDPDPK
3.1.7.2	GDPTPDP
2.6.1.16	GF6PTA
1.2.1.-	GGGABADr
6.3.1.11	GGPTRCS
1.1.1.61	GHBDHx
2.7.4.8	GK1
2.4.1.18	GLBRAN2
2.3.1.79	GLCATr
3.6.3.17	GLCabcpp
6.1.1.18	GLNTRS
3.6.3.21	GLNabcpp
1.1.1.251	GLTPD
1.1.1.M6	GLTPD
2.7.2.11	GLU5K
1.4.1.13	GLUDy
1.4.1.3	GLUDy
1.4.1.4	GLUDy
1.4.1.13	GLUN
1.4.7.1	GLUN
3.5.1.2	GLUN
3.5.1.38	GLUN
4.3.3.6	GLUN
6.3.4.2	GLUN
6.3.5.2	GLUN
6.3.5.4	GLUN
6.3.5.5	GLUN
1.2.1.70	GLUTRR
2.3.1.29	GLYAT
2.3.1.37	GLYAT
3.6.3.20	GLYC3Pabcpp
1.1.1.79	GLYCLTDy
6.1.1.14	GLYTRS
2.7.1.12	GNK
1.1.1.271	GOFUCR
3.1.4.2	GPDDA1
3.1.4.46	GPDDA1
3.1.4.2	GPDDA2pp
3.1.4.46	GPDDA2pp
6.3.1.8	GSPMDS
6.3.1.9	GSPMDS
1.11.1.9	GTHPi
3.4.19	GTHRDHpp
3.4.19.13	GTHRDHpp
3.6.1.11	GTPDPDP
3.6.1.40	GTPDPDP
4.6.1.1	GUACYC
4.6.1.2	GUACYC
3.5.4.3	GUAD
1.1.1.35	HACD1
1.1.1.211	HACD2
1.1.1.35	HACD2
1.1.1.211	HACD3
1.1.1.35	HACD3
1.1.1.211	HACD6
1.1.1.35	HACD6
1.1.1.35	HACD8
1.1.1.157	HADPCOADH3
1.1.1.35	HADPCOADH3
4.2.1.1	HCO3E
2.4	HEPT1
2.4.1.56	HEPT4
2.7.1.50	HETZK
2.7.1.1	HEX1
2.7.1.2	HEX1
2.7.1.1	HEX7
2.7.1.4	HEX7
3.1.3.15	HISTP
6.1.1.21	HISTRS
3.7.1.14	HKNDDH
3.7.1.14	HKNTDH
2.7.1.49	HMPK1
2.7.6.3	HPPK2
5.3.1.22	HPYRI
1.1.1	HPYRRy
1.1.1.79	HPYRRy
1.1.1.81	HPYRRy
1.1.1.3	HSDy
1.17.1.4	HXAND
2.8.3.8	HXCT
2.4.2.8	HXPRT
1.1.1.42	ICDHyr
3.3.2.1	ICHORT
4.1.3.1	ICL
3.6.3	IDONt2rpp
6.1.1.5	ILETRS
2.1.2.3	IMPC
3.5.4.10	IMPC
3.2.2.1	INSH
3.2.2.2	INSH
3.2.2.8	INSH
5.3.3.2	IPDDI
1.1.1.383	KARA1
1.1.1.86	KARA1
2.3.1.-	KAS14
2.3.1.179	KAS14
2.3.1.180	KAS14
2.3.1.41	KAS14
2.3.1.85	KAS14
2.3.1.86	KAS14
2.3.1.180	KAS15
2.7.7.38	KDOCT2
2.5.1.55	KDOPS
4.1.1.85	KG6PDC
1.1.2.3	L_LACD2
3.2.1.108	LACZpp
3.2.1.23	LACZpp
1.1.1.78	LALDO2x
1.1.1.79	LALDO2x
1.1.1.77	LCARR
1.1.1.77	LCARS
1.1.1.28	LDH_D
2.4.1.182	LPADSS
3.1.1.5	LPLIPAL1A120pp
3.1.1.5	LPLIPAL1A160pp
3.1.1.5	LPLIPAL1A180pp
3.1.1.5	LPLIPAL2A140
3.1.1.5	LPLIPAL2A141
3.1.1.5	LPLIPAL2A160
3.1.1.5	LPLIPAL2A180
1.1.1.276	LSERDHr
4.1.1.18	LYSDC
5.3.1.-	LYXI
1.1.1.17	M1PD
1.1.1.83	MALDDH
2.3.1.79	MALTATr
3.6.3	MALTTRabcpp
5.3.1.8	MAN6PI
1.1.1.57	MANAO
4.2.1.79	MCITD
4.1.3.30	MCITL2
2.3.3.5	MCITS
2.3.1.-	MCOATA
2.3.1.0	MCOATA
2.3.1.39	MCOATA
2.3.1.85	MCOATA
2.3.1.86	MCOATA
2.8.1.2	MCPST
3.4.16.4	MDDCP3pp
1.1.1.299	MDH
1.1.1.37	MDH
1.1.1.40	ME2
2.1.1.13	METS
1.8.4.13	METSOXR1
1.8.4.14	METSOXR1
1.8.4.14	METSOXR2
3.1.3.25	MI1PP
4.2.1.99	MICITDr
3.4.17.13	MLDCP1App
3.4.17.13	MLDCP2App
3.4.17.13	MLDCP2Bpp
3.2.1.20	MLTG3
3.2.1.74	MLTG3
3.2.1.20	MLTG4
2.4.1.1	MLTP2
2.4.1.1	MLTP3
4.2.1.8	MNNH
2.4.99.13	MOAT2
3.6.3.29	MOBDabcpp
2.7.7.75	MPTAT
1.5.1.15	MTHFC
3.5.4.9	MTHFC
1.5.1.5	MTHFD
1.5.3.2	MTRPOX
3.6.1.22	NADDP
3.6.1.9	NADDP
3.2.2.5	NADN
3.2.2.6	NADN
3.5.1.-	NADN
3.1.3.-	NADPPPS
3.1.3.1	NADPPPS
3.1.3.2	NADPPPS
6.3.1.5	NADS1
6.3.5.1	NADS1
6.3.4.21	NAMNPP
2.7.4.6	NDPK4
2.7.4.6	NDPK7
2.7.4.6	NDPK8
1.7.1.14	NHFRBO
3.6.3.24	NI2abcpp
2.7.7.1	NMNAT
2.7.7.18	NMNAT
3.2.2.14	NMNt7pp
2.4.2.21	NNDMBRT
2.4.2.19	NNDPR
1.7.99.4	NO3R2bpp
1.14.12.17	NODOx
1.14.12.17	NODOy
3.1.3.5	NTD1
3.1.3.89	NTD1
3.1.3.5	NTD11
3.1.3.99	NTD11
3.1.3.5	NTD1pp
3.1.3.89	NTD1pp
3.1.3.5	NTD2pp
3.1.3.5	NTD3
3.1.3.89	NTD3
3.1.3.5	NTD3pp
3.1.3.89	NTD3pp
3.1.3.35	NTD5pp
3.1.3.5	NTD5pp
3.1.3.89	NTD5pp
3.6.1	NTP12
3.6.1.15	NTP3
3.6.1.5	NTP3
3.6.5.1	NTP3
3.6.5.2	NTP3
3.6.5.3	NTP3
3.6.5.4	NTP3
3.6.5.5	NTP3
3.6.5.6	NTP3
3.6.1.-	NTPP10
3.6.1.66	NTPP10
3.6.1.-	NTPP11
3.6.1.66	NTPP11
3.6.1.-	NTPP2
3.6.1.8	NTPP2
3.6.1.9	NTPP2
3.6.1.65	NTPP4
3.6.1.8	NTPP4
3.6.1.9	NTPP4
3.6.1.19	NTPP5
3.6.1.9	NTPP5
3.6.1.-	NTPP9
3.6.1.8	NTPP9
3.6.1.9	NTPP9
1.1.1.38	OAADC
1.1.1.40	OAADC
4.1.1.3	OAADC
2.1.3.3	OCBT
4.2.1.59	OGMEACPD
2.6.1.52	OHPBAT
2.1.1.201	OMBZLM
4.1.1.23	OMPDC
4.2.1.59	OPMEACPD
2.4.2.10	ORPT
2.1.3.5	OXAMTC
4.1.1.8	OXCDC
6.2.1.30	PACCOAL
3.1.3.4	PAPA160pp
2.7.8.13	PAPPT3
1.8.4.8	PAPSR2
1.2.1	PDH
1.2.1.51	PDH
1.2.4.1	PDH
1.8.1.4	PDH
2.3.1.12	PDH
1.4.3.5	PDX5POi
3.1.3.74	PDXPP
1.4.3.21	PEAMNOpp
1.4.3.22	PEAMNOpp
1.4.3.4	PEAMNOpp
1.4.3.6	PEAMNOpp
1.1.1.290	PERD
2.7.1.11	PFK_2
2.7.1.144	PFK_2
2.7.1.56	PFK_2
2.7.1	PFK_3
2.7.1.11	PFK_3
2.3.1.54	PFL
2.7.2.3	PGK
5.4.2.1	PGM
5.4.2.11	PGM
5.4.2.12	PGM
5.4.2.2	PGMT
5.4.2.5	PGMT
5.4.2.8	PGMT
3.1.3.27	PGPP120
3.1.3.27	PGPP160pp
3.1.3.27	PGPP180pp
3.1.3.27	PGPP181
3.1.3.27	PGPP181pp
2.7.8.5	PGSA120
2.7.8.5	PGSA161
2.7.8.5	PGSA180
3.6.3.41	PHEMEabcpp
6.1.1.20	PHETRS
3.1.1.32	PLIPA1A140pp
3.1.1.32	PLIPA1A141pp
3.1.1.32	PLIPA1A160pp
3.1.1.32	PLIPA1A180pp
3.1.1.32	PLIPA1E180pp
3.1.1.4	PLIPA2A160pp
5.4.2.8	PMANM
2.7.4.7	PMPK
3.6.1.1	PPA
3.6.1.25	PPA2
2.7.2.15	PPAKr
3.1.7.2	PPGPPDP
5.4.2	PPM
5.4.2.2	PPM
5.4.2.7	PPM
5.4.2.7	PPM2
6.3.2.5	PPNCL2
1.3.1.12	PPND
1.3.3.4	PPPGO
3.5.4.19	PRAMPC
6.3.2.6	PRASCSi
5.3.1.16	PRMICI
1.5.-.-	PROD2
1.5.99.8	PROD2
6.1.1.15	PROTRS
2.7.6.1	PRPPS
4.1.1.65	PSD161
4.1.1.65	PSD180
3.1.3.3	PSP_Lpp
2.7.8.8	PSSA120
2.7.8.8	PSSA161
2.7.7.3	PTPATi
2.6.1.29	PTRCTA
2.6.1.82	PTRCTA
2.4.2.1	PUNP2
2.4.2.1	PUNP6
2.4.2.4	PUNP6
2.4.2.-	PUNP7
2.4.2.1	PUNP7
1.4.3.5	PYAM5PO
2.7.1.35	PYDAMK
2.7.1.35	PYDXK
2.7.1.35	PYDXNK
3.1.3.74	PYDXPP
1.1.1.24	QUINDH
1.1.1.282	QUINDH
2.5.1.72	QULNS
2.5.1.78	RBFSa
2.5.1.9	RBFSa
2.5.1.9	RBFSb
5.3.1.14	RMI
4.1.2.19	RMPA
1.17.4.1	RNDR1
1.17.4.1	RNDR4
5.1.3.1	RPE
3.1.3.73	RZ5PP
5.3.1.28	S7PI
2.7.7.4	SADT2
1.5.3.1	SARCOX
3.5.1.18	SDPDS
2.9.1.1	SELCYSS
2.2.1.9	SEPHCHCS
4.3.1.18	SERD_D
6.1.1.11	SERTRS
6.1.1.11	SERTRS2
3.5.1.96	SGDS
1.2.1.71	SGSAD
4.2.99.20	SHCHCS3
1.3.1.76	SHCHD2
2.7.1.71	SHKK
3.6.3.31	SPMDabcpp
1.15.1.1	SPODM
1.2.1.16	SSALx
1.2.1.24	SSALx
1.2.1.16	SSALy
1.2.1.79	SSALy
6.2.1.26	SUCBZL
1.8.1.2	SULR
3.6.3.25	SULabcpp
4.2.1.32	TARTD
1.14.11.17	TAUDO
3.6.3.36	TAURabcpp
3.6.1	TDP
3.6.1.-	TDP
3.6.1.15	TDP
2.3.1.210	TDPADGAT
2.6.1.59	TDPAGTA
1.1.1.133	TDPDRR
4.2.1.46	TDPGDH
4.1.2.40	TGBPA
1.6.1.1	THD2pp
2.3.1.117	THDPS
1.11.1.15	THIORDXi
1.11.1.16	THIORDXi
4.2.3.1	THRS
2.2.1.1	TKT1
2.7.1.145	TMDK1
2.7.1.21	TMDK1
2.1.1.45	TMDS
2.7.1.89	TMK
2.7.4.16	TMPK
2.5.1.3	TMPPP
2.4.2.52	TPRDCOAS
3.2.1.122	TRE6PH
3.2.1.93	TRE6PH
3.1.3.12	TRE6PP
2.4.1.15	TRE6PS
2.7.1.69	TREptspp
4.1.99.1	TRPAS2
4.2.1.20	TRPS1
1.1.1	TRSARr
1.1.1.60	TRSARr
2.6.1.1	TYRTA
2.6.1.5	TYRTA
2.6.1.57	TYRTA
2.6.1.9	TYRTA
6.1.1.1	TYRTRS
2.7.7	ThDPAT
2.3.1.191	U23GAAT
3.6.1.45	UACGALPpp
3.6.1.45	UACGAMPpp
2.5.1.7	UAGCVT
2.4.1.227	UAGPT3
2.5.1	UDCPDPS
2.5.1.31	UDCPDPS
2.5.1.M1	UDCPDPS
1.1.1.22	UDPGD
3.5.1.108	UHGADA
2.1.2.13	ULA4NFT
2.7.4.14	UMPK
2.7.4.22	UMPK
2.7.4.4	UMPK
4.2.1.75	UPP3S
2.4.2.9	UPPRT
1.1.1.154	URDGLYCD
1.1.1.350	URDGLYCD
1.7.3.3	URIC
3.2.2.3	URIH
2.7.1.48	URIK2
5.-.-.-	X5PL3E
5.1.3.22	X5PL3E
1.17.1.4	XAND
2.4.2.22	XPPT
2.4.2.8	XPPT
3.2.2.1	XTSNH
5.3.1.5	XYLI1
2.7.1.17	XYLK
2.7.1.53	XYLK2
2.3.1.47	AOXSr
1.2.2.1	FDH5pp_1
1.19.1.1	FLDR
1.19.1.a	FLDR
1.1.1.211	HACD3i
1.1.1.35	HACD3i
1.1.1.211	HACD5i
1.1.1.35	HACD5i
1.1.1.35	HACD8i
2.3.1.9	KAT1
5.1.99.1	MME
5.4.99.2	MMM2
2.6.1.5	UNK3
2.6.1.57	UNK3
1.1.1.222	34HPLFM
1.1.1.237	34HPLFM
1.13.11.27	34HPPOR
2.1.1.114	3DH5HPBMTm
1.13.11.6	3HAO
4.1.1	3HPH5MBDCm
4.1.1.72	3MOBDC
4.1.1.72	3MOPDC
3.1.2.23	4HBZFm
1.2.1	4HGLSDm
1.2.1.88	4HGLSDm
4.1.1.1	4MOPDC
1.2.1.95	AASAD1
1.2.1.z	AASAD1
1.2.1.31	AASAD2
1.2.1.-	ABUTDm
1.2.1.19	ABUTDm
1.2.1.3	ABUTDm
2.3.1.9	ACACT1m
2.7.2.8	ACGKm
2.3.1.1	ACGSm
3.1	ACHLE1
3.1	ACHLE2
3.1.2.1	ACOAHim
2.3.1.-	ACOATAm
2.3.1.179	ACOATAm
2.3.1.180	ACOATAm
2.3.1.38	ACOATAm
2.3.1.41	ACOATAm
2.3.1.85	ACOATAm
2.3.1.86	ACOATAm
4.2.1.3	ACONTm
2.6.1.11	ACOTAim
3.1.3.102	ACP1e
3.1.3.2	ACP1e
3	ACPSm
3.6.1.-	ACPSm
6.2.1.1	ACSm
6.2.1.1	ACSp
2.6.1.44	AGTi
2.3.1.61	AKGDbm
3.1.3.1	AKP1
2.3.1.37	ALASm
2.6.1.2	ALATA_Lm
1.1.1.1	ALCD22xim
1.1.1.2	ALCD22xim
1.1.1.1	ALCD23xi
1.1.1.1	ALCD23xim
1.1.1.1	ALCD24xi
1.1.1.265	ALCD24xi
1.1.1.1	ALCD24xim
1.1.1.265	ALCD24xim
1.1.1.1	ALCD25xi
1.1.1.90	ALCD25xi
1.1.1.1	ALCD25xim
1.1.1.90	ALCD25xim
1.1.1.190	ALCD26xi
1.1.1.1	ALCD2ir
1.1.1.71	ALCD2ir
1.1.1.1	ALCD2irm
1.1.1.71	ALCD2irm
1.2.1.5	ALDD20y
1.2.1.5	ALDD20ym
1.2.1	ALDD22x
1.2.1.19	ALDD22x
1.2.1.3	ALDD22x
1.2.1.5	ALDD22x
1.2.1.3	ALDD2xm
1.2.1.5	ALDD2xm
1.2.1.-	ALDD2ym
1.2.1.4	ALDD2ym
1.2.1.5	ALDD2ym
3.5.1.4	AMID
3.5.1.4	AMID3
1.4.3.4	APRTO2
1.1.1.2	ARABR
1.1.1.21	ARABR
6.1.1.19	ARGTRSm
3.5.1.1	ASNNe
3.5.1.38	ASNNe
3.5.5.4	ASNNe
6.1.1.22	ASNTRSm
1.4.3.16	ASPOcm
2.6.1.1	ASPTAp
6.1.1.12	ASPTRSm
6.1.1.23	ASPTRSm
2.7.7.53	ATPATF1
3.6.1.5	ATPH1
3.6.1.15	ATPS
3.6.1.3	ATPS
3.6.1.5	ATPS
3.6.1.8	ATPS
3.6.3.1	ATPS
3.6.3.10	ATPS
3.6.3.11	ATPS
3.6.3.12	ATPS
3.6.3.14	ATPS
3.6.3.15	ATPS
3.6.3.16	ATPS
3.6.3.17	ATPS
3.6.3.18	ATPS
3.6.3.19	ATPS
3.6.3.2	ATPS
3.6.3.20	ATPS
3.6.3.21	ATPS
3.6.3.22	ATPS
3.6.3.23	ATPS
3.6.3.24	ATPS
3.6.3.25	ATPS
3.6.3.26	ATPS
3.6.3.27	ATPS
3.6.3.28	ATPS
3.6.3.29	ATPS
3.6.3.3	ATPS
3.6.3.30	ATPS
3.6.3.31	ATPS
3.6.3.32	ATPS
3.6.3.33	ATPS
3.6.3.34	ATPS
3.6.3.35	ATPS
3.6.3.36	ATPS
3.6.3.37	ATPS
3.6.3.38	ATPS
3.6.3.39	ATPS
3.6.3.4	ATPS
3.6.3.40	ATPS
3.6.3.41	ATPS
3.6.3.42	ATPS
3.6.3.43	ATPS
3.6.3.44	ATPS
3.6.3.46	ATPS
3.6.3.47	ATPS
3.6.3.48	ATPS
3.6.3.49	ATPS
3.6.3.5	ATPS
3.6.3.50	ATPS
3.6.3.51	ATPS
3.6.3.52	ATPS
3.6.3.53	ATPS
3.6.3.54	ATPS
3.6.3.6	ATPS
3.6.3.7	ATPS
3.6.3.8	ATPS
3.6.3.9	ATPS
3.6.4.1	ATPS
3.6.4.10	ATPS
3.6.4.11	ATPS
3.6.4.12	ATPS
3.6.4.13	ATPS
3.6.4.2	ATPS
3.6.4.3	ATPS
3.6.4.4	ATPS
3.6.4.5	ATPS
3.6.4.6	ATPS
3.6.4.7	ATPS
3.6.4.8	ATPS
3.6.4.9	ATPS
3.6.3.14	ATPS3g
3.6.3.14	ATPS3v
6.2.1.11	BACCL
6.3.4.10	BACCL
6.3.4.11	BACCL
6.3.4.15	BACCL
6.3.4.9	BACCL
2.8.1.6	BTSr
5.3.3.1	C3STDH2
1.1.1.270	C3STKR1
1.11.1.21	CATp
1.11.1.6	CATp
2.7.1.32	CHOLK
2.3.1.7	CSNATp
6.3.4.2	CTPS1
4.4.1.1	CYSTGL
3.5.4.12	DCMPDA
2.5.1.54	DDPAm
1.14.19.1	DESAT14
1.14.19.1	DESAT18
2.7.1.29	DHAK
5.1.99.c	DHNPTtm
1.3.3.1	DHORD4i
1.3.99.11	DHORDi
2.7.1.108	DOLK
2.7.1.24	DPCOAKm
5.4.2.4	DPGM
4.1.1.33	DPMVD
4.2.1.17	ECOAH5p
4.2.1.74	ECOAH5p
4.2.1.134	ECOAH8p
4.2.1.17	ECOAH8p
3.2.1.22	EPMGH
3.1.2.14	FA181ACPH
6.2.1.3	FACOAL100p
6.2.1.3	FACOAL120p
6.2.1.3	FACOAL141
6.2.1.3	FACOAL160
2.3.1.85	FAS100
2.3.1.86	FAS160COA
2.3.1.85	FAS180
2.3.1.86	FAS180COA
2.3.1.86	FAS80COA_L
2.3.1.85	FAS80_L
3.1.3.46	FBP26
1.2.1.2	FDH
2.1.2.9	FMETTRSm
2.7.7.2	FMNATm
2.5.1.15	FOLD3m
1.3.5.1	FRDm
2.5.1.29	FRTT
6.3.3.2	FTHFCL
6.3.3.2	FTHFCLm
4.2.1.2	FUMm
2.4.1.131	G12MT1g
2.4.1.131	G12MT2g
2.4.1.132	G13MTg
1.2.1.41	G5SD2
2.1.2.10	GCC2bim
1.4.4.2	GCCam
2.1.2.10	GCCbim
1.8.1.4	GCCcm
3.2.1.22	GGLGH
2.7.4.8	GK2
1.4.4.2	GLYCLm
1.8.1.4	GLYCLm
2.1.2.10	GLYCLm
3.1.2.6	GLYOXm
1.11.1.9	GTHPm
2.3.2.2	GTMLT
1.1.1.35	HACD10p
1.1.1.211	HACD5p
1.1.1.35	HACD5p
1.1.1.35	HACD8p
4.2.1.114	HACNHm
4.2.1.36	HACNHm
2.5.1.39	HBZOPT6m
4.2.1.1	HCO3Em
1.1.1.155	HICITDm
1.1.1.286	HICITDm
1.1.1.87	HICITDm
6.1.1.21	HISTRSm
3.7.1.3	HKYNH
2.3.3.10	HMGCOAS
2.3.3.10	HMGCOASm
1.5.1.12	HPROxm
1.5.1.2	HPROxm
1.5.1.12	HPROym
1.5.1.2	HPROym
1.1.1.286	ICDHxm
1.1.1.41	ICDHxm
4.1.1.43	INDPYRD
4.1.1.74	INDPYRD
1.1.1.383	KARA1im
1.1.1.86	KARA1im
1.1.1.86	KARA2im
2.6.1.42	LEUTA
2.6.1.6	LEUTA
2.6.1.67	LEUTA
2.6.1.42	LEUTAm
2.6.1.6	LEUTAm
2.6.1.67	LEUTAm
6.1.1.4	LEUTRSm
5.4.99.7	LNSTLS
5.2.1.2	MACACI
2.3.3.9	MALSp
3.2.1.20	MALT
2.3.1.-	MCOATAm
2.3.1.0	MCOATAm
2.3.1.39	MCOATAm
2.3.1.85	MCOATAm
2.3.1.86	MCOATAm
1.1.1.38	ME1m
1.1.1.39	ME1m
1.1.1.40	ME2m
2.5.1.48	METB1
2.7.1.36	MEVK1
5.5.1.4	MI1PS
2.4.2.28	MTAP
1.5.1.15	MTHFCm
3.5.4.9	MTHFCm
1.5.1.15	MTHFD2i
1.5.1.5	MTHFDm
1.5.1.20	MTHFR3
1.2.1.3	NABTNO
1.6.99.3	NADH2_u6m
3.2.2.5	NADNm
3.2.2.6	NADNm
3.5.1.-	NADNm
3.1.3	NDP1
3.1.3.2	NDP1
3.6.1.15	NDP1
3.6.1.5	NDP1
3.6.1.53	NDP1
3.6.1.9	NDP1
3.1.3.2	NDP7
3.6.1.5	NDP7
3.6.1.6	NDP7
3.6.1.9	NDP7
2.7.7.1	NMNATm
2.7.7.18	NMNATm
3.5.1.19	NNAMrm
3.5.5.1	NTRLASE
3.5.5.1	NTRLASE2
2.3.1.84	OHACT2
2.3.1.224	OHACT5
1.1.1.85	OMCDCm
2.3.1.35	ORNTACim
1.2.1.88	P5CDm
1.5.1.12	P5CDm
3.1.4.17	PDE2
1.2.1	PDHm
1.2.1.51	PDHm
1.2.4.1	PDHm
1.8.1.4	PDHm
2.3.1.12	PDHm
2.3.1.88	PEPAT
2.7.7.14	PETHCT
2.7.1.105	PFK26
6.1.1.20	PHETRSm
2.4.2	PNP
2.4.2.1	PNP
1.3.3.4	PPPGOm
4.1.1.-	PPYRDC
4.1.1.43	PPYRDC
1.14.13.169	PSPHS
3.1.2.2	PTE10x
3.1.2.2	PTE2x
3.1.2.22	PTE2x
2.4.2.1	PUNP1m
1.1.3.12	PYDXNO
1.4.3.5	PYDXNO
1.5.1.12	PYR5CDm
4.1.1.1	PYRDC
3.2.1	RAFGH
3.2.1.22	RAFGH
2.7.1.26	RBFKm
1.17.4.1	RNDR1n
1.17.4.1	RNDR3n
1.17.4.1	RNDR4n
2.7.1.22	RNMK
1.17.4.2	RNTR4
2.7.7.4	SADT
2.1.1.41	SAM24MT
3.1.3	SBPP1er
3.1.3.-	SBPP1er
3.1.3.4	SBPP1er
1.1.1.14	SBTD_D2
1.1.1.15	SBTD_D2
2.7.1.91	SLCBK2
2.5.1.16	SPRMS
2.5.1.22	SPRMS
1.3.5.1	SUCD1m
4.2.1.-	T4HCINNMFM
1.11.1.15	THIORDXm
1.11.1.16	THIORDXm
1.11.1.15	THIORDXni
1.11.1.16	THIORDXni
3.1.3.2	THMP
3.1.3.2	THMPe
4.3.1.19	THRD_Lm
1.6.4.5	TRDRm
1.8.1.9	TRDRm
3.2.1.28	TREHv
1.13.11.11	TRPO2
1.13.11.52	TRPO2
2.6.1.27	TRPTA
6.1.1.2	TRPTRSm
2.6.1.1	TYRTAi
2.6.1.5	TYRTAi
2.6.1.57	TYRTAi
2.6.1.9	TYRTAi
2.6.1.1	TYRTAim
2.6.1.5	TYRTAim
2.6.1.57	TYRTAim
2.6.1.9	TYRTAim
2.6.1.1	TYRTAip
2.6.1.5	TYRTAip
2.6.1.57	TYRTAip
2.6.1.9	TYRTAip
2.7.7.23	UDPACGLP
2.7.4.14	UMPKn
2.7.4.22	UMPKn
2.7.4.4	UMPKn
2.7.1.213	URIK1
2.7.1.48	URIK1
3.6.1.5	UTPH1
1.1.1.21	XYLR
1.1.1.307	XYLR
1.2.4.4	3M2OBLOXRD
1.2.4.4	3M2OPLOXRD
3.2.1.86	6PHBG
1.3.99.3	ACOAD4
6.3.5.10	ADCYRS
1.2.4.2	AKGDa
2.3.1.61	AKGDb
1.4.1.1	ALAD_L
2.6.1.21	ALATA_D
3.1.3	ALKP
3.1.3.1	ALKP
3.1.3.2	ALKP
3.5.1.28	AMAA
3.5.3.6	ARGDr
3.6.3.14	ATPS4r
3.6.3	Cut1
3.6.3.4	Cut1
3.5.3.8	FGLU
1.8.1.4	GCCc
3.6.3.21	GLUabc
3.6.3.20	GLYC3Pabc
1.3	HEMEAS
3.5.2	IZPN
3.5.2.7	IZPN
2.3.1.41	KAS10
2.3.1.41	KAS12
2.3.1.41	KAS2
2.3.1.41	KAS8
2.3.1.85	KAS8
2.3.1.41	KAS9
3.6.3.10	Kabc
3.6.3.12	Kabc
1.1.1.27	LDH_L
3.6.3.2	MG2abc
3.6.3.35	MNabc
1.6.5.3	NADH6
1.6.5.3	NADH7
1.6.5.3	NADH8
3.6.3.24	NIabc
1.5.1.19	NOPD
1.7.1.4	NTRIRy
1.2.1	OIVD3
1.2.1.25	OIVD3
1.2.7.3	OOR3r
4.3.1.12	ORNCD
3.6.3.21	ORNabc
1.8.1	PDHcr
1.8.1.4	PDHcr
3.6.3.27	PIabc
2.4.2.2	PYNP1
3.5.1.107	PYRZAM
3.6.3.31	SPMDabc
2.4.1.10	SUCR
2.4.1.4	SUCR
2.4.1.9	SUCR
3.2.1.10	SUCR
3.2.1.20	SUCR
3.2.1.26	SUCR
3.2.1.48	SUCR
2.7.1.69	TREpts
4.1.1.37	UPPDC2
3.5.1.5	UREA
2.5.1.47	SLCYSS
5.3.2.2	OAAtex
1.2.7.-	PFOR
1.2.7.1	PFOR
6.2.1.6	GLCOAS
4.2.99.21	SALSYN
3.2.1.21	CLBH
3.2.1.74	CLBH
2.5.1.56	ACNPLYS
1.2.1.87	MMSAD2
3.1.3.-	NMNHYD
3.1.3.5	NMNHYD
1.1.5.4	DMALRED
2.1.3.2	ASPCTn
6.3.5.5	CBPSn
5.3.1.9	G6PI2
3.5.4.16	GTPCI_1
1.1.1.211	HACDp
1.1.1.35	HACDp
1.2.1.22	LCADm
1.5.1.15	MTHFCm_1
3.5.4.9	MTHFCm_1
1.5.1.5	MTHFD_1
1.5.1.15	MTHFD2
1.5.1.5	MTHFDm_1
4.1.1.45	PCLAD
6.3.5.1	NADS2
3.1.3.77	23DK5MPPISO
5.3.2.5	23DK5MPPISO
1.13.11.54	ARD
2.7.7.33	G1PCTYT
3.2.1.22	STACHGALACT
3.2.1.26	STACHGALACT
2.8.1.3	TSULR3e
4.1.2	DHEDAA
4.1.2.52	DHEDAA
1.14.14.9	4HOXPACMOF
3.6.3.35	MNabc_1
4.2.1.-	OHEDH
3.2.1.26	RAFHpp
1.14.13.3	3HPAOX
1.14.14.9	3HPAOX
1.5.1.1	1PPDCRc
1.5.1.21	1PPDCRc
1.5.1.25	1PPDCRc
2.7.1.13	2DHGLCK
1.1.1.21	3MBZALDH
1.1.1.90	3MBZALDH
4.1.1.44	4CMLCL_kt
1.1.1.21	4MBZALDH
1.1.1.90	4MBZALDH
5.3.2.6	4OT
5.3.2.6	4OT2
1.14.13.114	6HNACMO
1.2.1.31	AASAD3
1.3.99.3	ACOADH1
6.2.1.17	ACS2
1.1.1.1	ALCDkt
1.1.99.8	ALCDkt
2.6.1.48	APTNAT
2.6.1.84	ARUH
2.1.1.5	BHMT
2.6.1.76	DABAAT
3.5.4.13	DCTPD2
1.5.1.34	DHPR
4.2.1.118	DHSKDH
2.1.1.37	DNAMTn2r
1.3.1.2	DURAD
4.2.1.17	ECOAH12
4.2.1.17	ECOAH9ir
2.5.1.15	FOLD3
1.1.5.3	G3PD
1.1.99.5	G3PD
1.1.1.363	G6PBDH
1.1.1.49	G6PBDH
1.1.99.3	GADktpp
2.3.1.61	GLCOASYNT
6.3.5.7	GLNTRAT
1.3.8.6	GLUTCOADHc
1.3.99.7	GLUTCOADHc
1.2.1.3	GLYALDDr
4.1.3.4	HMGL
3.7.1.9	HMSH2
3.7.1	HMSH3
3.7.1.-	HMSH3
4.1.2	HOPNTAL2
4.1.2.n4	HOPNTAL2
4.1.3.39	HOPNTAL2
4.1.3.43	HOPNTAL2
1.13.12.2	LYSMO
5.1.1.5	LYSRC
5.1.1.9	LYSRC
6.4.1.4	MCCC
4.4.1.11	METGL
1.2.1.27	MMTSAO
1.8.2.2	MSULR
1.14.12.-	MTOLDOX
1.14.12.10	MTOLDOX
5.5.1.1	MUCCYCI
5.3.3.4	MUCLI
1.14.13.-	MXMO
1.14.13.dw	MXMO
3.5.1.106	NFMLDF
4.1.1.75	OARGDC
5.3.3.10	OMAIS
1.2.4.2	OXOADLR
3.1.1.24	OXOAEL
2.6.1.85	PABB
2.1.1.130	PC20M
5.4.99.61	PC8XM
2.3.1.12	PDHbr
2.3.1.168	PDHbr
1.1.1.43	PGLCNDH
1.14.16.1	PHETHPTOX
1.14.16.4	PHETHPTOX
1.14.13.-	PXMO
1.14.13.dw	PXMO
1.18.1.1	RNADRr
1.18.1.4	RNADRr
4.3.1.15	SER_AL
4.3.1.17	SER_AL
4.3.1.19	SER_AL
2.5.1.-	SHSL2r
2.5.1.48	SHSL2r
1.2.1.67	VNDH
1.14.13	XMO
1.14.13.dw	XMO
3	ACPS
3.6.1.-	ACPS
1.1.1.1	ALCD2y
1.1.1.184	ALCD2y
1.1.1.2	ALCD2y
1.1.1.21	ALCD2y
1.1.1.71	ALCD2y
3.5.1.4	AMID4
4.1.3.27	ANS2
1.4.1.21	ASPO2
3.6.1.26	CDAPPA_HP
4.1.3.16	DDPGA
4.1.3.42	DDPGA
1.3.99.1	FRD5
1.1.1.363	G6PDH1
1.1.1.388	G6PDH1
1.1.1.271	GFUCS
1.5.1.12	HPROx
1.5.1.2	HPROx
5.1.2.1	LacR
1.1.99.16	MDH4
3.1.3.27	PGPP_HP
1.2.1.88	PHCD
1.5.1	PHCD
1.5.1.12	PHCD
1.2.1.88	PUTA3
1.5.1.12	PUTA3
2.1.1.45	TMDSf
1.11.1.21	PRDX
1.11.1.6	PRDX
1.11.1.7	PRDX
6.3.2	PPNCL3
6.3.2.5	PPNCL3
2.7.9.1	PPDK
4.1.1.30	PNCDC
3.1.1.32	PLIPA1E160
4.1.1.28	PHYCBOXL
4.1.1.53	PHYCBOXL
1.4.3.21	PEAMNO
1.4.3.22	PEAMNO
1.4.3.4	PEAMNO
1.4.3.6	PEAMNO
1.5.1.2	P5CRx
1.5.99.8	P5CRx
1.2.1.27	MMSAD1
4.1.1.9	MCD
2.4.1.227	UAGPT2
6.3.2.7	UAAGLS1
2.8.2.37	TRESULT
1.13.12.4	LO
6.3.1.2	GLNSP2
6.3.5.-	GLNSP2
3.6.3.17	GLCabc
2.1.2.10	GCC2
5.4.99.16	MTI
1.4.3.19	DALAOX
1.4.3.3	DALAOX
3.6.3.4	Cuabc
1.3.1.54	CPC6R
2.1.1.133	CPC4MT
2.1.1.131	CPC3MT
2.1.1.151	CPC2MT
4.1.1.44	CMLDC
3.6.3.6	ATPS1
3.6.3.17	ARBabc
1.2.1.46	ALDD1
1.3.5.1	FRD
1.5.1.3	FOLR2
3.6.3.30	FE3abc
6.2.1.3	FACOAL80
1.2.1.53	4HALDD
3.1.2	PHACTE
3.1.2.-	PHACTE
3.1.2.20	PHACTE
3.1.2.23	PHACTE
1.2.1.29	34DHALDD
1.2.1.3	34DHALDD
1.2.1.5	34DHALDD
3.1.2	3PHACTE
3.1.2.20	3PHACTE
3.1.2.23	3PHACTE
4.2.1.30	GLYCDH
3.1.3.2	NTP7
3.6.1.15	NTP7
3.6.1.39	NTP7
3.6.1.5	NTP7
2.7.1.92	D5KGK
3.5.1.11	PENAM
1.2.1.3	IMACTD
2.4.1.52	PGPAGT
1.5.99	ASPO5_1
1.4.3.16	ASPO6_1
3.6.3.33	CBL1abc
2.5.1.17	CBLAT_DELETE
2.7.7.58	DHBSr
1.13.11.16	DHCINDO_1
1.2.2.1	FDH3
3.7.1.14	HKNDDH_1
1.13.11.16	HPPPNDO_1
1.18.99.1	HYD3
3.6.3	IDONt2r
3.6.3	MALTTRabc
3.6.3	MALTTTRabc
4.1.1.65	PSD_EC
3.6.3.31	PTRCabc
1.6.1.1	THD2
3.2.1.28	TREHe
1.1.1.303	ACTD
1.13.11.53	ARD1
4.2.1.22	CYS
4.4.1.1	CYS
4.1.2.29	D5KGPA
2.3.1.187	MACPT
4.99.1.3	SHCHCC
2.6.1.37	AEPPYRTA
1.14.14.9	4HOXPACMON
1.14.14.9	4HOXPACMOF_1
2.1.1.195	CODSCL5BMT
3.4.13.22	ALAALAD_1
1.1.1.380	GULNLR
1.1.1.259	3HOPCD
1.1.1.35	3HOPCD
3.5.3.12	AGMDA
1.1.1	ALCD4
1.1.1.-	ALCD4
1.20.4	ASR2
1.20.4.1	ASR2
1.20.4.4	ASR2
4.1.99.11	BZSS
3.6.3	CA2abc1pp
3.6.3.8	CA2abc1pp
3.6.3	CA2abcpp
3.6.3.8	CA2abcpp
4.2.1.100	CHDCCH
4.2.1.35	CITCIb
3.5.4.12	CMPDAi
3.6.3.4	CUabcpp
1.9.3.1	CYOO2pp
2.6.1.4	GLYTA
2.6.1.44	GLYTA
1.1.1.368	HOCCD
1.5.1.12	HP5CD
4.2.1.54	LCD
2.6.1.83	LDAPAT
4.1.1.3	MOSDC
1.7.99.5	MTHFR
1.13.11.32	NPPDO
1.13.12.16	NPPDO
2.3.1	OGCOAAT
2.3.1.16	OGCOAAT
2.3.1.19	PBUTT
2.7.9.-	PHEPS
1.5.1.2	PRO1y
1.2.1.76	SSCOARy
1.1.1.1	34DHOXPEGOX
1.1.1.36	AACOAR_syn
1.13.99	BCAROKE
1.14.99	BCAROKE
1.3.1.24	BILIRED
2.5.1.62	CHPHYS
1.17.1.2	DMPPS_syn
1.3.1.33	POR_1
1.3.1.75	DVOCHR
1.18.1.2	FNOR
5.5.1.19	GCATENEC
1.4.7.1	GLMS_syn
1.12.1.3	H2ASE_syn
1.12.1.5	H2ASE_syn
2.5.1.115	HGPHT
1.14.99.3	HOXG
1.17.1.2	IPDPS_syn
5.5.1.19	LYCOPC
2.1.1.295	MPBQ
1.14.13.81	MPOMC1
2.1.1.11	MPOMT
1.7.7.2	NAR_syn
2.4.2.12	NMNS
1.7.7.1	NOR_syn
1.2.7.1	POR_syn
1.2.7.11	POR_syn
2.7.1.40	PYK2
2.7.1.40	PYK3
1.13.11	RBCh
4.1.1.39	RBCh
4.1.1.39	RBPC
2.6.1.45	SPT_syn
3.13.1.1	SQD1
2.1.1.163	DMTPHT
3.6.3.26	NO3abcpp
1.2.3.5	GLXO3r
4.1.1.2	OXADC
1.8.7.2	FTR
2.4.1.14	SPS
3.1.3.69	GGPP
5.4.99.17	SQLC
1.6.3.2	MEHLER
1.14.13.126	24_25VITD3Hm
1.2.1.5	34DHPLACOX_NADP
2.6.1.40	3AIBTm
4.1.1.28	3HLYTCL
4.1.1.-	3HXKYNDCL
1.2.1.5	3MOX4HOXPGALDOX_NADP
1.4.3.4	3MOXTYROX
4.1.1.29	3SALACBOXL
2.6.1.1	3SALATAi
3.13.1	3SPYRSP
1.4.3.4	41R1H2MAE12BOOX
4.1.1.28	5HLTDL
1.2.3.1	5HOXINDACTO2OX
1.2.1.3	5HOXINDACTOX
1.2.1.3	5HOXINDACTOXm
1.13.11.52	5HTRPDOX
1.4.3.4	5HXKYNOXDA
6.2.1.16	AACOAT
1.1.1.12	ABTD
6.2.1.17	ACCOALm
5.1.3.8	ACGAM2E
3.1.1.7	ACHEe
3.1.1.8	ACHEe
1.3.99.3	ACOAD10m
1.3.3.6	ACOAD1fm
1.3.8.1	ACOAD1fm
1.3.8.7	ACOAD1fm
1.3.99.-	ACOAD1fm
1.3.99.3	ACOAD1fm
1.3.8.4	ACOAD8m
1.3.8.7	ACOAD8m
1.3.99.10	ACOAD8m
3.6.1.7	ACYP
2.7.1.20	ADNK1m
2.7.1.74	ADNK1m
3.6.1.13	ADPGLC
3.6.1.21	ADPGLC
3.6.1.9	ADPGLC
3.6.1.21	ADPMAN
2.7.1.25	ADSELK
2.6.1.44	AGTim
2.6.1.44	AGTix
1.2.1.19	ALDD19x_P
1.2.1.5	ALDD19x_P
1.13.11.33	ALOX15
1.13.11.34	ALOX5
1.13.11.34	ALOX52
1.5.1.-	AMCOXO
2.6.1.19	APAT2rm
2.6.1.55	APAT2rm
4.1.1.19	ARGDCm
3.5.1.1	ASNNm
3.5.1.38	ASNNm
3.5.5.4	ASNNm
2.3.1.17	ASPNATm
2.7.4.6	ATP1ter
3.1.3	ATPH2e
3.1.3.2	ATPH2e
3.6.1.15	ATPH2e
3.6.1.5	ATPH2e
3.6.1.53	ATPH2e
3.6.1.9	ATPH2e
3.6.3.14	ATPS4m
2.3.1.65	BAAT5x
1.14.11.1	BBHOX
1.13.11.63	BCDO
1.14.99.36	BCDO
3.1.3.7	BPNT2
3.5.1.12	BTNDe
3.5.1.12	BTNDm
4.2.1.17	C2M26DCOAHLm
4.2.1.17	C2M26DCOAHLx
1.11.1.21	CATm
1.11.1.6	CATm
1.16.1.3	CBL2OR
6.3.4.16	CBPSam
6.3.5.5	CBPSam
1.1.1.197	CBR1
2.7.8.1	CEPTE
3.1.3.75	CHLP
2.7.3.2	CKc
2.7.7.43	CMPSASn
2.4.1.148	CORE4GTg
2.7.7.15	CPCTDTX
2.8.1.1	CYANSTm
2.6.1.1	CYSTAm
2.6.1.3	CYSTAm
2.7.4.13	CYTK2n
2.7.4.14	CYTK2n
2.7.4.25	CYTK2n
3.5.4.4	DADAe
2.7.1.145	DADNK
2.7.1.74	DADNK
2.7.1.76	DADNK
1.4.3.19	DALAOXx
1.4.3.3	DALAOXx
1.4.3.3	DARGOp
1.4.3.1	DASPO1p
1.4.3.15	DASPO1p
2.7.1.74	DCK2n
3.5.4.5	DCYTDn
4.1.3.16	DDPGAm
4.1.3.42	DDPGAm
2.7.1.113	DGNSKm
2.7.1.145	DGNSKm
2.7.1.74	DGNSKm
1.3.1.21	DHCR72r
2.8.2.15	DHEASULT
2.8.2.2	DHEASULT
3.5.2.2	DHPM2
3.6.1.22	DNADDP
3.6.1.9	DNADDP
1.4.3.3	DORNOp
3.6.1.9	DPCOAPP
4.1.1.33	DPMVDx
2.7.1.145	DURIK1m
2.7.1.21	DURIK1m
3.6.1.-	DUTPDPm
3.6.1.23	DUTPDPm
3.6.1.9	DUTPDPm
3.6.1.-	DUTPDPn
3.6.1.23	DUTPDPn
3.6.1.9	DUTPDPn
5.1.-.-	ECGISOr
4.2.1.150	ECOAH1m
4.2.1.17	ECOAH1m
4.2.1.55	ECOAH1m
4.2.1.150	ECOAH1x
4.2.1.17	ECOAH1x
4.2.1.55	ECOAH1x
3.1.1.-	EGMESTr
2.7.7.14	EPCTX
3.1.3.75	ETHP
2.7.7.30	F1PGT
6.2.1.3	FACOAL1832
6.2.1.15	FACOAL204
6.2.1.2	FACOAL40im
3.6.1.18	FADDP
3.6.1.9	FADDP
4.1.2.19	FBA4
3.1.2.10	FCOAH
2.4.1.69	FUT12g
1.2.1.41	G5SDym
2.1.1.2	GACMTRc
2.4.1.134	GALT2g
4.1.2.-	GHMT3
2.7.4.8	GK1m
1.2.1.3	GLACOm
3.1.1.17	GLNLASEer
3.1.1.25	GLNLASEer
1.1.1.20	GLRASE
1.4.1.13	GLUNm
1.4.7.1	GLUNm
3.5.1.2	GLUNm
3.5.1.38	GLUNm
4.3.3.6	GLUNm
6.3.4.2	GLUNm
6.3.5.2	GLUNm
6.3.5.4	GLUNm
6.3.5.5	GLUNm
1.1.3.15	GLYCTO1p
1.4.3.19	GLYOp
1.4.3.3	GLYOp
1.1.1.351	GNDer
1.1.1.44	GNDer
2.1.1.156	GNMT
2.1.1.162	GNMT
2.1.1.20	GNMT
2.5.1.10	GRTTx
2.7.1.73	GSNKm
3.5.4.16	GTPCIn
1.6.3.1	H2O2syn
1.1.1.35	HACD1x
1.1.1.178	HACD9m
1.1.1.35	HACD9m
3.2.1.35	HAtly
4.1.1.22	HISDC
4.1.1.28	HISDC
1.4.3.22	HISTASE
1.4.3.6	HISTASE
4.1.1.40	HPYRDCm
1.1.1.146	HSD11B1r
1.1.1.51	HSD17B2r
1.1.1.51	HSD17B7r
1.1.1.62	HSD17B7r
1.1.1.51	HSD17B8r
1.1.1.62	HSD17B8r
5.3.3.1	HSD3B11
1.1.1.181	HSD3B7P
1.11.1.8	IDHPOXOX4
1.11.1.8	IDHPOXOXb
1.2.1.3	IMACTD_m
1.13.99.1	INOSTO
5.3.3.2	IPDDIx
1.2.1.23	LCADi_Dm
1.2.1.3	LCADi_Dm
2.6.1.1	LCYSTAT
2.6.1.1	LCYSTATm
3.7.1.3	LFORKYNHYD
5.4.99.7	LNSTLSr
1.5.3.7	LPCOXp
1.14.21.6	LSTO2r
4.4.1.20	LTC4Sr
1.4.3.14	LYSOXp
3.2.1.20	MALTe
1.13.11.52	MELATN23DOX
4.2.1.18	MGCHrm
3.1.3.57	MI134PP
3.2.1.20	MLTG1e
5.4.99.2	MMMm
1.2.1.18	MMTSADm
3.2.2.6	NADPN
3.6.1.12	NDP6
3.6.1.6	NDP6
3.1.3.2	NDP7er
3.6.1.5	NDP7er
3.6.1.6	NDP7er
3.6.1.9	NDP7er
3.1.3.2	NDP7ex
3.6.1.5	NDP7ex
3.6.1.6	NDP7ex
3.6.1.9	NDP7ex
3.1.3.2	NDP7g
3.6.1.5	NDP7g
3.6.1.6	NDP7g
3.6.1.9	NDP7g
3.6.1.23	NDP8
2.7.4.6	NDPK10m
2.7.4.6	NDPK1m
2.7.4.6	NDPK3m
2.7.4.6	NDPK4n
2.7.4.6	NDPK6m
2.7.4.6	NDPK7n
2.7.4.6	NDPK8n
2.7.7.1	NMNATn
2.7.7.18	NMNATn
1.14.13.39	NOS1
1.14.13.39	NOS2
2.4.2.1	NP1
2.4.99.3	NS26Tg
3.1.3.-	NT5C
3.1.3.5	NT5C
3.1.3.5	NTD2e
3.1.3.5	NTD2m
3.1.3.5	NTD3l
3.1.3.89	NTD3l
3.1.3.35	NTD5l
3.1.3.5	NTD5l
3.1.3.89	NTD5l
3.1.3.5	NTD7e
1.2.1.25	OIVD2m
1.2.1	OIVD3m
1.2.1.25	OIVD3m
1.14.13	P45021A2r
1.14.13.15	P45027A13m
1.14.13.15	P45027A1m
1.14.13.17	P4507A1r
1.14.13.17	P4507B12r
1.5.1.2	P5CRm
3.1.3.-	PAN4PP
6.4.1.1	PCm
5.3.99.2	PGDIr
5.3.99.3	PGESr
5.3.99.4	PGISr
3.1.1.31	PGLer
2.3.1.14	PHACCOAGLNAC
1.14.11.18	PHYHx
3.6.1.52	PMI12346PHn
2.7.1.33	PNTKm
3.6.1.25	PPA2m
6.4.1.3	PPCOACm
1.1.1	PPDOy
2.8.2.2	PRGNLONESULT
1.5.1.2	PRO1x
1.5.99.8	PRO1x
1.5.-.-	PROD2m
1.5.99.8	PROD2m
3.1.2.-	PTE5x
1.2.1.3	PYLALDOX
1.2.1.3	PYLALDOXm
1.2.1.36	RADH
1.14.14.1	RAHY
1.1.1.-	RDH2a
1.1.1.-	RDH3a
5.2.1.7	RETI1
1.5.1.10	SACCD4m
1.5.1.9	SACCD4m
2.1.1.6	SALMCOM
2.1.1.6	SALMCOM2
2.1.1.8	SAMHISTA
3.1.3.4	SBPP3er
3.3.1.1	SEAHCYSHYD
2.7.7.4	SELADT
4.2.1.22	SELCYSTS
4.1.2.27	SGPL11r
1.1.1.310	SLDxm
2.7.1.91	SPHK21c
1.15.1.1	SPODMm
1.1.1.153	SPRn
2.5.1.21	SQLSr
1.13.11.52	SRTN23OX
2.4.99.10	ST3GAL61g
4.2.1.17	T2M26DCOAHLx
1.6.1.2	THD1m
1.6.1.5	THD1m
3.6.1.28	THMTP
1.2.1.47	TMABADH
2.7.1.145	TMDK1m
2.7.1.21	TMDK1m
1.14.11.8	TMLYSOX
1.14.18.1	TYRDOPO3
1.4.3.21	TYROXDAc
1.4.3.22	TYROXDAc
1.4.3.4	TYROXDAc
1.4.9.2	TYROXDAc
1.4.99.4	TYROXDAc
2.7.7.83	UAGALDP
4.1.1.35	UDPGLDCg
3.6.1.45	UDPGP
3.6.1.8	UDPGP
3.6.1.9	UDPGP
2.4.1.22	UGALGTg
3.1.1.19	UROLACer
6.2.1.7	VLCS2p
6.2.1.7	VLCS2r
6.2.1.7	VLCSr
1.17.1.4	XANDp
1.17.3.2	XAOx
1.1.1.10	XYLUR
3.5.1.90	ADOCBIAH
1.1.1.272	AHGDx
1.1.1.399	AHGDx
1.1.1.M7	AHGDx
3.5.1.46	AHXDH
4.1.3	AKGCAL
1.1.1.80	ALCD20y
3.6.3.33	CBIabc
3.6.3.3	CD2abc1
3.6.3.46	CD2abc1
3.6.3.46	CD2abc2
4.2.1.114	CH2ACH
4.2.1.114	CH3ACH
2.7.1.-	COBS
2.1.1.247	DMAMT
2.1.1.249	DMAMT
6.3.2.31	GF4GL_0
6.3.2.34	GF4GL_1
6.1.1.24	GLUTRS_Gln
2.5.1.44	HSPMS
2.7.7.68	LPPGS
3.6.1.15	NTP6
1.7.1.4	NTRIR2y
3.6.3.9	NaKt_1
3.6.1.1	PPA_1
3.6.1	PRPPP
4.2.1.114	RH2CD
4.2.1.114	RH3CD
1.1.1.272	SLDy
2.1.1.247	TMAMT
2.1.1.250	TMAMT
2.6.1.-	ADAPAT
4.2.1.51	AROH
4.2.1.91	AROH
6.3.5.6	ASNTRAT
6.1.1	ASPTRS_Asn
6.1.1.12	ASPTRS_Asn
6.1.1.23	ASPTRS_Asn
2.4.1.20	CEPA
3.5.2.10	CRTNh
3.5.1.47	DAPDA
1.3.1.26	DHDPRx_r
1.3.1.14	DHORD_NAD
6.3.2.17	FPGS_tm
5.1.3.3	GalMr
1.11.1.1	NADHPO
2.7.1.90	PFK_ppi
2.6.1.51	SPTc
1.8.1.18	SULFDH
2.3.1.-	THPAT
2.3.1.89	THPAT
2.1.1.148	TMDS3
4.1.1.12	ASP4DC
5.1.1.13	ASPR
1.1.1.286	ICDHx
1.1.1.41	ICDHx
3.4.16.4	MDDCP2ex
3.4.16.4	MDDCP3ex
3.6.3.15	NA1ATPaseh
3.6.3.7	NA1ATPaseh
3.6.3.25	TSULth
5.3.2.2	OAAtf
3.6.3.25	TSULtm
3.5.1.1	ASPSE
3.5.1.38	ASPSE
3.5.5.4	ASPSE
2.7.1.46	AAPT
2.6.1.16	GF6PTA_1
1.1.1.-	UDPGALOR
2.7.7.37	UMPU
3.4.13.18	AABHH
3.4.13.20	AABHH
3.4.13.3	AABHH
1.2.1.41	G5DHx
6.3.4.5	ARGSS_1
2.1.3.3	OCT
2.5.1.16	ASAPT
2.5.1.22	ASAPT
3.4.13.20	BADP
3.4.13.5	BADP
5.3.3.5	CHLSTD78I
5.3.3.5	CHLSTI_1
1.3.1.72	CHLSTR
2.7.1.148	CMK
5.5.1.9	CYEUOLCYCI
1.3.1.72	DDSMSTOLR
1.1.1.267	DXRI
2.2.1.7	DXS
2.5.1.10	FPPSh
1.3.1.83	GGDR
2.5.1.1	GPPSh
1.17.4.3	HDS
2.5.1.115	HPT
1.17.1.2	IDS1
1.14.21.6	LTHSTRLOR
1.3.1.70	MERGTROLR
2.1.1.295	MPQMT
1.14.13.70	OBFOOLOR
2.5.1.103	PSPPS
2.5.1.21	PSPPS
2.5.1.96	PSPPS
1.3.1.96	SS
2.5.1.21	SS
5.5.1.24	TCYG
2.1.1.95	TMTD
1.14.19.1	COA1819ZD9DS
3.1.2	FACOAE1829Z12Z
3.1.2.2	FACOAE1829Z12Z
3.1.2.2	FACOAE1839Z12Z15Z
1.1.1.30	HBNOx
1.2.1.16	SSNOh
1.2.1.24	SSNOh
1.2.1.13	GAPDH_nadp_hi
1.2.1.59	GAPDH_nadp_hi
4.2.1.1	HCO3Ehi
1.1.1.299	MDH_nadp_hi
1.1.1.82	MDH_nadp_hi
2.7.1.19	PRUK_1
3.1.3.11	SBP_1
3.1.3.37	SBP_1
1.1.1.40	MDHC_nadp_hr
1.23.5.1	ANXANASCOR
1.14.99	CHYA1
1.14.99	CHYA2
1.14.99.45	CXHY
5.5.1.19	LCYB
5.5.1.18	LCYD
5.5.1.18	LCYE
5.5.1.19	LCYG
5.3.99.9	NEOXANS
1.23.5.1	VIOXANOR
1.14.13.90	ZAXANOR
1.14.99.45	ZHY
3.13.1	3SPYRSPh
3.13.1	3SPYRSPm_1
2.5.1.47	ACSERSULL
2.5.1.47	ACSERSULLh
2.5.1.48	SHSL1h
2.6.1.1	AATG
2.6.1.1	AATGm
4.4.1.1	CTINBL
4.4.1.8	CTINBL
4.4.1.k	CTINBL
2.6.1.1	CYSATm
2.6.1.3	CYSATm
2.6.1.1	CYSAT
2.6.1.3	CYSAT
1.13.11.20	CYSDO
2.5.1.47	CYSS_1
2.5.1.65	CYSS_1
4.4.1.1	CYSTBL
4.4.1.28	CYSTBL
4.4.1.8	CYSTBL
1.4.3.4	DDMCITALOR
1.4.3.4	DMCITALOR
3.1.1.1	LIDOAMH
3.5.2.2	56DH5FLURAAMH
2.4.2.8	6MPURPRT
1.1.1.205	6TINS5MPOR
6.3.5.2	6TXAN5MPAML
3.5.1.6	AFLBURPPAAMH
2.3.1.-	3HAD100_1
2.3.1.85	3HAD100_1
2.3.1.86	3HAD100_1
4.2.1.58	3HAD100_1
4.2.1.59	3HAD100_1
4.2.1.60	3HAD100_1
4.2.1.61	3HAD100_1
2.3.1.-	3HAD140_1
2.3.1.85	3HAD140_1
2.3.1.86	3HAD140_1
4.2.1.59	3HAD140_1
4.2.1.61	3HAD140_1
2.3.1.-	3HAD160_1
2.3.1.85	3HAD160_1
2.3.1.86	3HAD160_1
4.2.1.59	3HAD160_1
4.2.1.61	3HAD160_1
2.3.1.-	3HAD40_1
2.3.1.85	3HAD40_1
2.3.1.86	3HAD40_1
4.2.1.58	3HAD40_1
4.2.1.59	3HAD40_1
2.3.1.-	3HAD80_1
2.3.1.85	3HAD80_1
2.3.1.86	3HAD80_1
4.2.1.58	3HAD80_1
4.2.1.59	3HAD80_1
4.2.1.61	3HAD80_1
1.1.1.100	3OAR140_1
2.3.1.-	3OAR140_1
2.3.1.85	3OAR140_1
2.3.1.86	3OAR140_1
1.1.1.100	3OAR160_1
2.3.1.-	3OAR160_1
2.3.1.85	3OAR160_1
2.3.1.86	3OAR160_1
1.1.1.100	3OAR180_1
1.1.1.100	3OAR40_1
2.3.1.-	3OAR40_1
2.3.1.85	3OAR40_1
2.3.1.86	3OAR40_1
1.1.1.100	3OAR80_1
2.3.1.-	3OAR80_1
2.3.1.85	3OAR80_1
2.3.1.86	3OAR80_1
2.3.1.86	3OAS100_1
2.3.1.86	3OAS140_1
2.3.1.41	3OAS180_1
2.3.1.86	3OAS60_1
2.3.1.86	3OAS80_1
6.4.1.2	ACCOAC_1
2.3.1.-	EAR100x_1
2.3.1.86	EAR100y_1
2.3.1.-	EAR120x_1
2.3.1.-	EAR140x_1
1.3.1.9	EAR160x_1
2.3.1.-	EAR40x_1
2.3.1.-	EAR60x_1
2.3.1.-	EAR80x_1
3.1.2.21	FA120ACPHi_1
3.1.2.14	FA160ACPHi_1
3.1.2.14	FA161ACPHi_1
3.1.2.14	FA180ACPHi
3.1.2.21	FA80ACPHi_1
2.3.1.-	MCOATA_1
2.3.1.0	MCOATA_1
2.3.1.39	MCOATA_1
2.3.1.85	MCOATA_1
2.3.1.86	MCOATA_1
2.3.1.16	ACACT2m
2.3.1.9	ACACT2m
2.3.1.155	ACACT7m
2.3.1.16	ACACT7m
2.3.1.9	ACACT7m
1.3.1.8	ACOAR2m
1.3.1.8	ACOAR4m
1.3.1.38	ACOAR6m
1.3.1.8	ACOAR6m
1.3.1.38	ACOAR7m
1.3.1.8	ACOAR7m
4.2.1.17	ECOAH3m
4.2.1.74	ECOAH3m
4.2.1.17	ECOAH4m
4.2.1.74	ECOAH4m
4.2.1.17	ECOAH5m
4.2.1.74	ECOAH5m
4.2.1.17	ECOAH6m
4.2.1.74	ECOAH6m
1.1.1.211	HACD2m
1.1.1.35	HACD2m
1.1.1.211	HACD3m
1.1.1.35	HACD3m
1.1.1.211	HACD6m
1.1.1.35	HACD6m
2.3.1.9	ACACT3
1.3.3.6	ACOA160OR
1.3.8.7	ACOA160OR
1.3.8.8	ACOA160OR
1.3.8.9	ACOA160OR
1.3.99.-	ACOA160OR
1.3.99.3	ACOA160OR
1.3.99.3	ACOA60OR
1.3.3.6	ACOA80OR
1.3.8.7	ACOA80OR
1.3.8.8	ACOA80OR
1.3.99.-	ACOA80OR
1.3.99.3	ACOA80OR
4.2.1.17	ECOAH2_1
4.2.1.74	ECOAH2_1
1.1.1.211	HACD3_1
1.1.1.35	HACD3_1
1.5.1.3	DHFOR
3.6.1.67	DNTPPA_1
2.5.1.15	FOLD3_1
3.4.17.11	THFGLUH
6.3.2.17	THFGLUS_1
1.5.1.3	THFOR1
1.5.1.3	THFOR2
2.7.1.3	AF1PT
5.3.1.7	AGAKI
3.1.3.11	BFBP
3.1.3.11	BFBPh
3.1.3.46	FBPPH
5.3.1.8	MPAKI
2.4.1.82	AGMIS
3.2.1.22	EMGH
2.7.1.6	GALKh
1.1.3.9	GALO
3.2.1.108	LCGH
3.2.1.23	LCGH
3.2.1.22	MGHB
3.2.1.22	MTGH
3.2.1.22	SYGH
3.2.1.26	SYGH
4.1.1.15	ARGDh
1.8.1.7	GDR_nadp_h
1.8.1.7	GDRh
1.4.7.1	GLUS_ferr
6.3.2.2	GCL
2.3.1.51	AGPAT160h
2.3.1.15	G3PAT160_1
2.3.1.15	G3PAT160h
2.3.1.15	G3PAT180h
2.3.1.15	G3PAT181h
3.1.3.4	PAPA160h
3.13.1.1	UDPSQS
1.1.3.21	G3PO
4.1.1	SERDC
1.1.1.381	AOBUTDxs
1.1.1.26	GLYCDH_1
1.1.1.29	GLYCDH_1
1.1.1.81	GLYCDH_1
1.1.1.95	PGLYDH
2.6.1.52	PSAT
2.6.1.45	SGAT
4.3.1.15	THRAL
4.3.1.17	THRAL
4.3.1.19	THRAL
1.2.1.11	ASADH
1.1.1.3	HSDH
5.1.3.3	A1E
4.2.1.11	ENOf
4.1.2.13	FBAh
5.1.3.15	G6PI_1
5.3.1.9	G6PI_1
1.2.1.12	GAPDHh
1.2.1.59	GAPDHh
2.7.1.11	PFKh
5.4.2.2	PGCM
5.4.2.5	PGCM
5.3.1.9	PGIAh
5.4.2.1	PGMf
5.4.2.11	PGMf
5.4.2.12	PGMf
5.4.2.1	PGMm
5.4.2.11	PGMm
5.4.2.12	PGMm
1.2.4.1	PDHam2hi
1.2.4.1	PDHam2mi
2.3.1.12	PDHe2hr
2.3.1.168	PDHe2hr
2.3.1.12	PDHe2r
2.3.1.168	PDHe2r
2.7.2.3	PGKf
2.7.2.3	PGKh
2.7.1.40	PYKf
5.3.1.1	TPIh
4.1.1.1	PDCm
3.5.1.49	FORAMDx
1.1.1	HOXPRm
1.1.1.60	HOXPRm
4.1.3.1	ICL_1
2.3.3.9	MALSh
2.3.3.9	MALSm
1.4.3.22	AO
1.4.3.6	AO
2.6.1.9	AOOAh
1.1.1.23	HDH
1.1.1.23	HDHh
3.1.3.15	HP
4.2.1.19	IGPDh
2.4.2.-	IMGPSh
4.1.3.-	IMGPSh
4.3.2.M2	IMGPSh
3.6.1.31	PRADPh
3.1.3.66	IBPHn
3.1.3.26	MIHKPP
3.1.3.62	MIHKPP
1.13.11.12	LLOX13
1.13.11.33	LLOX13
3.1.3.77	ACRS
5.3.2.5	ACRS
2.5.1.48	AHSL
4.4.1.8	CBL
2.5.1	CYSTS_1
2.5.1.48	CYSTS_1
2.5.1.6	MATm
2.4.1.117	UDPDOLPT
2.7.7.1	ANNAT
2.7.7.18	ANNAT
2.7.7.1	ANNATn
2.7.7.18	ANNATn
2.4.2.12	NAPT
1.6.1.1	NNOR
1.6.1.2	NNOR
1.6.1.3	NNOR
6.3.4.16	CPS
6.3.4.6	URCBm
4.2.1.49	URCN_1
2.1.2.2	FPGFTh
2.1.2.2	FPGFTm
4.3.1.4	FTAL
3.6.1.1	IDPh
3.6.1.1	IDPm
2.1.2.11	2DHPFALDL
4.1.2.12	2DHPFALDL
2.7.8.7	ACPS1_1
2.7.7.3	APPAT
1.1.1.169	PNORn
1.1.1.49	G6PADH
1.1.1.49	G6PADHh
1.1.1.363	G6PBDHh
1.1.1.49	G6PBDHh
1.1.1.351	PGDHh
1.1.1.44	PGDHh
5.4.2	PPMh
5.4.2.2	PPMh
5.4.2.7	PPMh
2.7.6.1	RPDPK
4.1.3.27	ATNS
5.4.99.5	CHRM
4.2.3.4	DHQS_1
2.5.1.54	DPHS
4.2.1.10	DQDH
5.3.1.24	PRAI
2.5.1.19	PSCIT
1.1.1.25	SKDH
1.1.1.282	SKDH
2.6.1.1	TYRTAh
2.6.1.5	TYRTAh
2.6.1.57	TYRTAh
2.6.1.9	TYRTAh
3.6.3.14	ATPSh
3.5.3.12	AGDI
3.5.3.12	AGDIn
3.5.1.53	CMPA
4.1.1.17	ORDCh
1.3.3.3	CPPPGO_1
1.3.1.75	DVCHLDR
5.4.3.8	G1SAT_1
1.3.1.83	GGCHLDAR
6.1.1	GLUTRS_1
6.1.1.17	GLUTRS_1
6.1.1.24	GLUTRS_1
1.3	HEMEASm
4.4.1.17	HEMELm
1.14.99.3	HOXG_1
6.6.1.1	MPML_1
2.5.1.61	PPBNGD
4.3.1.8	PPBNGD
4.2.1.24	PPBNGS_1
1.16.1.2	TFENFEOR
4.1.1.37	UPPDC1_1
4.1.1.37	UPPDC2_1
3.5.99.7	ACCAHh
3.5.99.7	ACCAHm
1.1.1.-	HPCOR
2.3.1	PCFPTh
2.3.1.54	PCFPTh
1.3.1.-	PCNO
1.3.1.84	PCNO
6.2.1.17	PPACOALm
6.3.4.4	ADSSh
2.7.7.53	APATT
3.1.4.17	APNn
3.1.4.53	APNn
3.5.3.4	ATAH
3.5.3.9	ATAH_co2
2.7.4.3	ATAMh
3.5.2.5	ATNAH
3.6.1.29	BTP
3.6.1.41	BTPS
3.1.4.17	GCPN
3.1.4.35	GCPN
3.1.4.17	GCPNn
3.1.4.35	GCPNn
3.1.3.5	GMP5N
6.3.5.2	GMPSm
6.3.5.3	PRFGSh
1.7.3.3	URO
2.1.3.2	ASPCTm
2.7.1.48	DATCY
2.7.1.48	DATUP
2.7.1.48	DCTCP
2.7.1.48	DCTUP
2.7.1.48	DGTUP
2.7.1.48	DTTGY
2.7.1.48	DUTCP
2.7.1.48	DUTUP
1.6.4.5	TDSRh
1.8.1.9	TDSRh
2.7.1.48	UTUP
1.2.1.10	ACALDh
6.4.1.2	ACCOAhi
3.6.1.7	APhi
2.3.3.13	IPPSh
1.1.1.28	LDHm
1.1.1.27	LLDHh
2.3.1.54	PFLh
2.3.1.8	PTArh
2.3.1.8	PTArm
4.1.1.1	PYRDC_1
1.2.7.1	PYRShi
1.2.7.11	PYRShi
1.12.7.2	HYDAh
1.12.99.-	HYDAh
1.13.11.63	CAROMO
1.14.99.36	CAROMO
1.1.1.315	CRETINOLOR1
1.1.1.1	TRETINOLOR1
1.1.1.105	TRETINOLOR1
2.7.7.2	AFAT
3.1.3.-	AUS
3.1.3.104	AUS
2.5.1.78	DLDLBT
2.5.1.9	DLDLBT
2.5.1.9	RIBFS
2.5.1.48	ACHMSSELCYSL
2.5.1.47	ACSERL
2.5.1.47	ACSERLh
2.5.1	PHOMSELCYSLh
3.3.1.1	SEAHCYSHYD_1
4.4.1.8	SELCYSTLh
1.8.7.1	SELTORc
1.8.7.1	SELTORm
2.5.1.48	SUCHMSSELCYSL
6.1.1.11	SECYSTL
2.9.1.1	SLCS
3.2.1.20	AATHA
3.2.1.28	AATHA
2.7.1.1	ABFPT
2.7.1.4	ABFPT
2.7.1.1	ABFPTh
2.7.1.4	ABFPTh
3.2.1.26	BFFS
3.2.1.20	SAGH
3.2.1.26	SAGH
3.2.1.48	SAGH
2.4.1.14	UFAGT
1.8.3.1	SULOm
1.8.7.1	SULR_ferr
2.3.1.61	AKGDHe2r
1.1.1.299	MDH_nadp_fi
1.1.1.82	MDH_nadp_fi
1.1.1.42	ICDHhr
6.2.1.5	SUCLm
5.3.2.1	34HPPYRI
5.3.2.6	34HPPYRI
2.2.1.6	ACAS_2ahbut
1.1.1.86	KARI
5.4.99.3	KARI
1.1.1.86	KARI_23dhmb
1.1.1.86	KARI_3hmoa
5.4.99.3	KARI_3hmoa
4.3.1.19	TAL
6.1.1.9	VALTLh
1.2.1.3	ALDH
2.3.1.168	DHRT_ivcoa
4.2.1.17	ECH_3hivcoa
3.1.2.4	HIBH
1.1.1.31	HMNO
1.1.1.35	HMNO
2.3.3.10	MHGS
1.2.1.27	MMSDH
1.2.4.4	MOD_3mhtpp
2.6.1.42	BCTA_val_h
2.6.1.6	BCTA_val_h
1.2.3.8	PYDXDH_1
1.1.1.65	PYDXOR
4.3.3.6	PYDXS
3.1.4.16	23CN2P1
3.1.4.16	23CN2P4
1.3.1	26DPAi
2.2.1.9	2S6HCCi
2.5.1.64	2S6HCCi
4.1.1.71	2S6HCCi
4.1.3.-	2S6HCCi
4.2.99.20	2S6HCCi
3.1.3.6	3NUCLE1
3.1.3.6	3NUCLE3
3.1.3.6	3NUCLE4
3.2.1.1	AAMYL_1
2.3.1.16	ACACT5r_1
2.7.1.145	ADADir
2.7.1.213	ADADir
2.7.1.74	ADADir
2.5.1.47	AHSERL4
2.5.1.49	AHSERL4
4.2.99.8	AHSERL4
1.2.1.19	ALDD11
1.2.1.3	ALDD16
1.2.1.48	ALDD16
1.2.1.5	ALDD16
1.2.1.3	ALDD20x_1
1.2.1.3	ALDD32
1.2.1.19	ALDD5
1.2.1.24	ALDD5
1.2.1.3	ALDD5
1.2.1.3	ALDD6
1.2.1.36	ALDD6
1.2.1.48	ALDD6
1.2.1.5	ALDD6
1.2.1.3	ALDD8
2.3.1.-	APATi
2.3.1.89	APATi
1.1.1.2	ARABRr
1.1.1.21	ARABRr
3.2.1.21	BG_CELLB
3.2.1.74	BG_CELLB
3.2.1.21	BG_MBDG
3.5.2.6	BLACT
3.6.3	CA2abc1
3.6.3.8	CA2abc1
1.9.3.1	CYOO3
2.1.1.37	CYTOM
3.4.13.22	DAAOP
2.7.1.113	DGNSK
2.7.1.145	DGNSK
2.7.1.74	DGNSK
3.1.3.77	DM1PE
5.3.2.5	DM1PE
4.2.1.17	ECOAH2c
4.99.1.1	FCLT_2
3.5.3.8	FGLU_1
3.5.1.31	FMETDF
1.1.1.118	G1Dx
1.1.1.121	G1Dx
3.2.1.22	GALS2
3.4.19	GGTAe2
3.4.19.13	GGTAe2
4.1.2.20	GLCRAL_1
4.2.1.40	GLCRD_1
1.4.3.19	GLYO1
1.4.3.3	GLYO1
2.5.1.-	HEMEOS_1
1.5.1.12	HP5CD_1
4.2.1.19	IGPDH_1
1.4.1.20	ILEDHr
1.4.1.9	ILEDHr
5.4.99.11	ISOMS
1.1.1.27	LDH2
1.4.1.9	LLEUDr
3.2.1.122	MAL6PG
1.8.4.13	METSR_S1
1.8.4.14	METSR_S1
3.2.1.10	MLTG7
2.7.1.23	NADK2
2.7.1.23	NADK4
2.7.1.23	NADK5
2.1.3.3	OCBT_1
2.5.1.-	PPTT
6.3.3.1	PRAIS_1
2.4.2.1	PUNP8
1.13.11.24	Q23DO
3.2.1.86	S6PG
1.3.1.76	SHCHD2_1
4.2.99.9	SHSL3
1.1.99.21	SORD_D
1.8.1.2	SULR_1
1.1.1.93	TARTRDH
1.1.1.93	TARTRDH2
4.4.1.1	TRPAS1
4.4.1.28	TRPAS1
4.4.1.8	TRPAS1
5.1.3.2	UAG4E
5.1.3.7	UAG4E
2.1.1.107	UPP3MT_2
3.2.1.21	BDG2HCGHD
2.4.1.102	CORE2GTg
2.8.2.1	DOPASULT
3.6.3.21	GLUVESSEC
3.6.3.9	NaKt
1.14.13.49	P4502C93
3.1.6.2	STS1
3.1.6.2	STS1r
3.1.6.2	STS3r
3.1.6.2	STS4r
2.4.1.17	UGT1A10r
2.4.1.17	UGT1A1r
2.4.1.17	UGT1A6r
2.4.1.17	BILIRBU
2.3.1.21	C160CPT2rbc
1.1.1.19	GULND
1.1.1.2	GULND
4.1.1.29	3SALACBOXL_cho
2.4.1.40	ABO5g_cho
3.5.1.89	ACGPID_cho
3.1.3.4	AGLPH_cho
3.6.3.14	ATPS4m_cho
2.4.1.62	B3GALT44g_cho
2.4.1.86	B3GALTg_cho
2.4.1.-	B3GNT310g_cho
2.4.1.275	B3GNT310g_cho
2.4.1.-	B3GNT315g_cho
1.14.18.2	CACNAO2
2.7.8.11	CDIPTr_cho
2.7.1.138	CERK_cho
2.7.3.2	CK_cho
2.7.8.41	CLS_cho
1.13.11.19	CYSAMO_cho
1.13.11.19	CYSAMOe
2.7.4.13	CYTK2m
2.7.4.14	CYTK2m
2.7.4.25	CYTK2m
3.1.1.17	DASCBH_cho
3.6.1.19	DATPDPn
3.6.1.9	DATPDPn
3.6.1.64	DIDP
3.6.1.29	DNTP
3.6.1.9	DPCOAPPe
3.6.1.19	DTTPDPm
3.6.1.9	DTTPDPm
5.1.99.c	EX_HC01361_e
3.6.1.18	FADDPle
3.6.1.9	FADDPle
2.4.1.-	FUT97g_cho
2.4.1.131	G12MT2_cho
2.4.1.132	G13MT_cho
2.4.1.92	GALGT3_cho
3.2.1.45	GBA_cho
3.2.1.62	GBA_cho
2.1.4.1	GLYAMDTR
3.4.11.2	GLYLEUHYDROc
3.4.11.2	GLYPHEHYc
3.4.13	GLYPHEHYc
3.4.13.18	GLYPROPRO1c
1.1.99.2	HGDm
2.7.1.81	HOLYSK
5.3.1.22	HPI
4.4.1.1	HSDA
3.5.2.17	HURH
3.4.13	LEULEULAPc
5.5.1.4	MI3PS
6.2.1.3	OCDCAFATPc
6.2.1.3	PALFATPtc
3.1.3.-	PAN4PPe
3.1.3.60	PGAM1_PhosHydro
5.3.99.3	PGESc
1.4.3.2	PHEOX
3.1.3.67	PI345P3P_cho
3.1.3.67	PI345P3Pn_cho
3.1.3.36	PI345P5P_cho
3.1.3.86	PI345P5P_cho
3.1.3.36	PI345P5Pn_cho
3.1.3.86	PI345P5Pn_cho
3.1.3.64	PI34P3Pn_cho
3.1.3.67	PI34P3Pn_cho
3.1.3.66	PI34P4P
3.1.3.95	PI35P3P_cho
2.7.1	PI3P4Kn_cho
2.7.1.149	PI3P4Kn_cho
2.7.1.68	PI3P4Kn_cho
2.7.1.150	PI3P5K_cho
3.1.3.64	PI3PP_cho
3.1.3.67	PI3PP_cho
2.7.1.153	PI45P3Kn_cho
3.1.3.36	PI45P5P_cho
3.1.3.36	PI45P5Pn_cho
2.7.1.68	PI4P5Kn_cho
2.7.1.149	PI5P4K_cho
2.7.1.67	PIK4_cho
2.7.1.150	PIK5_cho
3.5.1.92	PNTEHe
2.1.1.103	RE0066M
2.1.1.16	RE0066M
2.1.1.71	RE0066M
2.1.1.103	RE0066R
2.1.1.16	RE0066R
2.1.1.71	RE0066R
2.3.1.199	RE0565C
4.2.1.134	RE0571C
2.3.1.199	RE0573N
2.3.1.199	RE0580L
1.1.1.211	RE0581C
1.1.1.330	RE0581C
4.2.1.134	RE0582N
3.2.1.20	RE0926E
3.2.1.74	RE0926E
3.2.1.20	RE0944E
1.13.11	RE1266C
1.1.1.21	RE1342C
1.5.3.13	RE1538C
1.5.3.13	RE1538X
1.14.14.1	RE1587C
1.14.14.1	RE1587L
1.14.14.1	RE1587R
2.1.1.6	RE1630C
3.1.2.27	RE1835X
2.5.1.46	RE1897C
2.7.7.63	RE1944C
6.3.1.20	RE1944C
1.1	RE2154C
1.1.1	RE2292C
1.1.1.345	RE2292C
1.14.13.30	RE2387C
2.3.1.13	RE2427M
1.11.2.2	RE2513C
1.11.2.2	RE2513E
1.11.2.2	RE2513L
1.11.2.2	RE2513N
3.5.1.14	RE2640C
3.5.1.14	RE2642C
1.1.1.64	RE2766C
2.7.1.149	RE2972G
2.7.1.149	RE2972M
2.7.1.150	RE2974N
1.14.14.1	RE3013C
3.3.2.-	RE3259C
3.3.2.-	RE3259R
1.13.11.45	RE3409C
2.1.1.16	RE3511M
2.1.1.71	RE3511M
3.3.2.7	RE3519C
3.3.2.7	RE3519R
3.3.2.7	RE3519X
5.3.3.9	RE3556C
2.4.99.2	ST6GALNAC27_cho
3.1.2.3	SUCCOAPET
1.4.3.2	TYROX
2.4.1.117	UDPDOLPT_cho
2.4.1.80	UGCGc
1.7.3.3	URAOX
1.17.3.2	XAO
3.6.1.1	r0009
3.1.3.5	r0047
2.4.2.7	r0051
2.4.2.8	r0051
1.1.1.42	r0084
3.6.1.45	r0093
3.6.1.8	r0093
3.6.1.9	r0093
6.2.1.1	r0097
3.2.1.183	r0113
5.1.3.14	r0113
5.1.3.7	r0113
3.5.4.16	r0120
1.8.3.1	r0142
3.6.1.15	r0149
3.6.1.5	r0149
2.6.1.15	r0156
2.6.1.15	r0157
1.2.1.16	r0179
1.2.1.79	r0179
4.2.3.2	r0186
1.1.1.8	r0202
1.1.1.94	r0202
3.1.3	r0242
3.1.3.1	r0242
3.1.3.2	r0242
1.1.1.2	r0246
1.1.1.21	r0246
1.1.1.372	r0246
1.1.1.72	r0246
5.3.1.6	r0249
2.7.1.40	r0280
1.4.3.10	r0281
1.4.3.22	r0281
1.4.3.6	r0281
6.2.1.3	r0311
6.2.1.16	r0321
1.3.1.1	r0330
2.7.1.31	r0340
2.7.1.1	r0355
2.7.1.2	r0355
2.7.1.1	r0360
2.7.1.1	r0361
2.7.1.1	r0363
2.7.1.1	r0364
1.1.1.59	r0365
3.1.4.14	r0366
2.7.8.7	r0368
1.2.4.2	r0384
1.2.4.4	r0385
1.2.4.4	r0386
3.6.1.-	r0410
3.6.1.19	r0410
3.6.1.9	r0410
1.1.1.42	r0422
2.3.1.21	r0434
2.3.1.21	r0437
6.3.2.11	r0465
2.1.1.103	r0480
3.6.1	r0494
3.6.1.5	r0494
3.6.1.39	r0497
3.6.1.5	r0497
1.5.1.3	r0512
1.5.1.3	r0514
1.2.1.39	r0546
1.2.1.5	r0546
2.3.1.12	r0555
2.3.1.168	r0555
2.3.2.4	r0568
2.7.1.33	r0579
2.7.1.34	r0579
5.3.1.3	r0598
1.2.4.2	r0620
3.2.1.22	r0627
3.4.19.14	r0641
1.2.1.3	r0642
1.2.3.1	r0644
2.3.2.2	r0649
2.3.1.168	r0656
1.2.4.4	r0670
1.1.1.153	r0673
1.1.1.220	r0673
3.5.4.16	r0708
3.2.1.23	r0737
1.2.1.5	r0754
1.2.1.5	r0756
1.2.1.5	r0757
1.3.1.72	r0783
2.1.1.103	r0789
2.7.4.6	r0860
