kegg_reaction_id	bigg_reaction_id
R03538	23PDE2pp
R05135	23PDE9pp
R04544	3HAD160
R07764	3HAD180
R04537	3HAD80
R07127	3KGK
R01877	3NTD2pp
R02148	3NTD9pp
R04964	3OAR120
R04543	3OAR160
R05086	4HTHRS
R01530	A5PISO
R01648	ABTA
R01177	ACACT2r
R03778	ACACT4r
R05222	ACBIPGT
R00259	ACGS
R00226	ACLS
R04477	ACMAMUT
R01811	ACNML
R01175	ACOAD1f
R03857	ACOAD5f
R01279	ACOAD7f
R01624	ACOATA
R00669	ACODA
R02244	ACONIs
R05763	ACONMT
R02283	ACOTA
R05553	ADCL
R01716	ADCS
R01244	ADD
R00089	ADNCYC
R00185	ADNK1
R01245	ADNUC
R05223	ADOCBLS
R00190	ADPT
R00509	ADSK
R01135	ADSS
R01157	AGMT
R01150	ALAALAr
R01147	ALATA_D2
R00258	ALATA_L
R00754	ALCD2x
R03576	ALLK
R01540	ALTRH
R02087	AMANAPEr
R02705	AMANK
R03231	AMAOTr
R01073	ANPRT
R09880	AP5AH
R00566	ARGDC
R00566	ARGDCpp
R01954	ARGSS
R03646	ARGTRS
R02291	ASAD
R07677	ASCBPL
R00485	ASNN
R00483	ASNS2
R00490	ASPT
R00355	ASPTA
R05577	ASPTRS
R00832	AST
R10851	ATHRDHr
R00088	ATPHs
R00086	ATPM
R02565	BETALDHx
R00150	CBMKr
R00575	CBPS
R09978	CCGS
R07605	CDGR
R05634	CDPMEK
R01715	CHORM
R01302	CHRPL
R06783	CINNDO
R00362	CITL
R10644	CRNBTCT
R00351	CS
R00974	CSND
R01931	CYANST
R10079	CYNTAH
R01286	CYSTL
R03650	CYSTRS
R01878	CYTD
R00451	DAPDC
R02325	DCTPD
R02485	DCYTD
R01541	DDGLK
R02090	DGK1
R04441	DHAD1
R01505	DHBD
R06785	DHCIND
R06788	DHCINDO
R00939	DHFR
R02237	DHFS
R03459	DHPPDA2
R07355	DHPTDNR
R03083	DHQS
R08879	DKGLCNR2y
R01658	DMATT
R02472	DPR
R02094	DTMPK
R02099	DURIK1
R02100	DUTPDP
R05688	DXPRIi
R01825	E4PD
R03026	ECOAH1
R04749	ECOAH2
R04744	ECOAH4
R04740	ECOAH6
R10122	EPMEACPR
R00749	ETHAAL
R01274	FACOAE160
R08174	FACOAE180
R09520	FADRx2
R06983	FALDH2
R01068	FBA
R03241	FCLK
R00310	FCLT
R10206	FDMO2
R07290	FORCT
R00943	FTHFLi
R01082	FUM
R00304	G1PPpp
R02328	G1PTT
R02272	G1SAT
R00841	G3PT
R00765	G6PDA
R00835	G6PDH2r
R00303	G6PP
R05608	GALCTD
R06974	GART
R00881	GDPMNP
R07419	GGGABAH
R00945	GHMT2r
R02754	GLCRAL
R02752	GLCRD
R00948	GLGC
R00253	GLNS
R00894	GLUCYS
R00261	GLUDC
R00256	GLUNpp
R01072	GLUPRT
R00260	GLUR
R00114	GLUSy
R05578	GLUTRS
R00013	GLXCL
R01034	GLYCDx
R01514	GLYCK
R08572	GLYCK2
R01221	GLYCL
R00717	GLYCLTDx
R00847	GLYK
R01736	GLYOX
R09796	GLYOX3
R00888	GMAND
R05644	GMHEPAT
R01134	GMPR
R01231	GMPS2
R01528	GND
R01030	GPDDA1pp
R01470	GPDDA2
R01193	GPDDA5
R01193	GPDDA5pp
R02003	GRTT
R01228	GSNK
R01918	GSPMDA
R00115	GTHOr
R00497	GTHS
R00424	GTPCI
R00425	GTPCII2
R00429	GTPDPK
R01229	GUAPRT
R01482	GUI1
R01983	GUI2
R04743	HACD4
R04741	HACD5
R04737	HACD7
R05615	HBZOPT
R00650	HCYSMT
R11063	HCYSMT2
R07411	HEMEOS
R01326	HEX4
R01158	HISTD
R00084	HMBS
R00750	HOPNTAL
R04376	HPPPNDO
R01388	HPYRRx
R01771	HSK
R01777	HSST
R03243	HSTPT
R02494	HYPOE
R01717	ICHORS
R05683	IDOND
R05684	IDOND2
R04558	IG3PS
R03457	IGPDH
R03508	IGPS
R02199	ILETA
R01130	IMPD
R01131	INSK
R04426	IPMD
R04001	IPPMIa
R03968	IPPMIb
R01213	IPPS
R01100	LACZ
R06114	LACZ
R02260	LALDO3
R01446	LCADi
R01090	LEUTAi
R03657	LEUTRS
R02530	LGTHL
R07770	LIPATPT
R03658	LYSTRS
R09482	MACPD
R00472	MALS
R00883	MAN1PT2
R09645	MANPGH
R00214	ME1
R05637	MECDPS
R05633	MEPCT
R00177	METAT
R03659	METTRS
R01016	MGSA
R00923	MMCD
R04658	MOAT
R01226	MOHMT
R00360	MOX
R09289	MSAR
R01401	MTAN
R07168	MTHFR2
R00104	NADK
R00112	NADTRHD
R00330	NDPK1
R00156	NDPK2
R00570	NDPK3
R01857	NDPK5
R02331	NDPK6
R02322	NMNDA
R01268	NNAM
R03005	NNATr
R02719	NTD10
R02719	NTD10pp
R01126	NTD11pp
R00963	NTD2
R00511	NTD4
R00511	NTD4pp
R01569	NTD5
R02088	NTD6
R02088	NTD6pp
R00183	NTD7
R00183	NTD7pp
R01968	NTD8
R01968	NTD8pp
R01227	NTD9
R01227	NTD9pp
R00086	NTP1
R00719	NTP10
R00335	NTP3pp
R00569	NTP5
R01855	NTPP1
R01668	NTPP3
R00087	NTPP6
R11323	NTPP7
R00662	NTPP8
R01856	NTPTP1
R00787	NTRIR2x
R06987	OBTFL
R09248	OCTDPS
R04988	OHPHM
R01652	OMCDC
R04986	OPHBDC
R00670	ORNDC
R00707	P5CD
R01251	P5CR
R02473	PANTS
R02021	PAPSR
R00191	PDE1
R01234	PDE4
R02060	PGAMT
R01513	PGCD
R02035	PGL
R01334	PGLYCP
R00694	PHETA1
R07280	PMDPHT
R09725	PMEACPE
R03018	PNTK
R00036	PPBNGS
R00345	PPC
R03269	PPCDC
R00341	PPCK
R01373	PPNDH
R00199	PPS
R04144	PRAGSr
R03509	PRAIi
R04035	PRATPP
R03460	PSCVT
R04173	PSERT
R00582	PSP_L
R00921	PTA2
R00230	PTAr
R01561	PUNP1
R02147	PUNP3
R01969	PUNP4
R01863	PUNP5
R00200	PYK
R01876	PYNP2r
R06836	R15BPK
R00549	RBFK
R02439	RBK_L1
R05850	RBP4E
R01291	RHCCE
R03014	RMK
R02019	RNDR2
R02024	RNDR3
R04189	SADH
R05607	SBTPD
R04475	SDPTA
R09367	SELGTHR
R03595	SELNPS
R00586	SERAT
R00220	SERD_L
R00223	SERD_L
R00527	SFGTHi
R02864	SHCHF
R02413	SHK3Dr
R03260	SHSL1
R04217	SOTA
R01920	SPMS
R00275	SPODMpp
R04031	SUCBZS
R00405	SUCOAS
R02555	TAGURr
R01827	TALA
R06514	TDPDRE
R04657	TDSK
R02300	THFAT
R00751	THRA
R01465	THRD
R00996	THRD_L
R03663	THRTRS
R01830	TKT2
R01570	TMDPP
R01015	TPI
R02016	TRDR
R00010	TREH
R06103	TREH
R00010	TREHpp
R06103	TREHpp
R00674	TRPS2
R02340	TRPS3
R03664	TRPTRS
R02382	TYROXDApp
R03317	UACMAMO
R00420	UAG2E
R04567	UAGAAT
R02783	UAMAGS
R03193	UAMAS
R03192	UAPGR
R00291	UDPG4E
R00505	UDPGALM
R07658	UDPGDC
R00287	UDPGPpp
R07659	UDPKAAT
R00955	UGLT
R00469	UGLYCH
R03194	UPP3MT
R03197	UPPDC1
R09947	URACPAH
R04549	USHD
R01214	VALTA
R03665	VALTRS
R01215	VPAMTr
R00307	XYLI2
R01739	2DGLCNRy
R01975	HACD1i
R04748	HACD2i
R04743	HACD4i
R04739	HACD6i
R04737	HACD7i
R07392	MDRPD
R04420	MTRI
R04143	MTRK
R04150	NPHS
R02098	URIDK2r
R02587	2DOXG6PP
R01000	2HBO
R02978	3DSPHR
R08767	4HBZCOAFm
R01987	AABTN
R01939	AATA
R03778	ACACT4p
R03858	ACACT6p
R03991	ACACT7p
R00742	ACCOACrm
R02058	ACGAM6PS
R08648	ACHBSm
R00226	ACLSm
R01324	ACONT
R00127	ADK1m
R03443	AGPRim
R00192	AHCi
R00651	AHSERL
R01287	AHSERL2
R01041	ALCD19y
R05686	ALCD24yi
R02679	ALCD26xim
R02678	ALDD20xm
R02422	ALLTAHr
R00005	ALPHNH
R02540	AMID2
R00181	AMPDA
R01575	ARAB1D2
R00551	ARGN
R01159	ARMT
R00355	ASPTAm
R05641	C24STRer
R01890	CHLPCTD
R10747	COAHLp
R01616	COUCOAFm
R02396	CSNATm
R02396	CSNATr
R00351	CSm
R00351	CSp
R01286	CYSTLp
R01290	CYSTS
R01101	DGGH
R06091	DGGH
R04441	DHAD1m
R05070	DHAD2m
R00939	DHFRim
R02472	DPRm
R02750	DRBK
R04744	ECOAH4p
R04740	ECOAH6p
R04738	ECOAH7p
R01468	ETHAK
R01280	FACOAL160p
R02568	FBA2
R00310	FCLTm
R01959	FKYNH
R00943	FTHFLmi
R01364	FUMAC
R00842	G3PD1ir
R00842	G3PD1irm
R00848	G3PDm
R03314	G5SADrm
R00835	G6PDH2er
R03321	G6PI3
R01194	GALIGH
R06093	GALIGH
R00502	GALT
R01698	GCC2cm
R07475	GGTT
R00945	GHMT2rm
R03992	GLPT
R00243	GLUDxi
R00093	GLUSx
R05578	GLUTRSm
R01039	GLYCDy
R01677	GNNUC
R00115	GTHOm
R04743	HACD4p
R04739	HACD6p
R04737	HACD7p
R00132	HCO3En
R10092	HCO3En
R07411	HEMEOSm
R02519	HGNTOR
R03291	HPROa
R03293	HPROb
R01773	HSDxi
R01776	HSERTA
R00267	ICDHym
R00267	ICDHyp
R02199	ILETAm
R03656	ILETRSm
R01213	IPPSm
R02404	ITCOALm
R00987	KYN
R01960	KYN3OX
R03658	LYSTRSm
R00885	MAN1PT
R00409	MCITL2m
R00931	MCITSm
R00342	MDHm
R00342	MDHp
R02926	MELTGH
R03659	METTRSm
R04405	MHPGLUT
R00103	NADDPp
R00104	NADKm
R00118	NADPPPSm
R00189	NADS1n
R00328	NDP3
R00328	NDP3g
R00722	NDPK9
R03005	NNATm
R03348	NNDPRm
R01269	NNMT
R01887	NTRLASE3
R00667	ORNTA
R01936	OXAGm
R00344	PC
R04444	PHCDm
R04443	PHCHGSm
R03245	PMEVK
R05779	PMI12346PH
R09087	PMI12346PS
R09076	POLYAO3
R00004	PPAm
R01730	PPND2
R05613	PPTTm
R01248	PRO1xm
R08174	PTE8x
R03035	PTPATim
R02147	PUNP3m
R02019	RNDR2n
R02014	RNTR1
R02020	RNTR2
R02022	RNTR3
R02315	SACCD1
R00715	SACCD2
R01281	SERPT
R00999	SHSL4r
R02976	SLCBK1
R00530	SLFAT
R02464	SPHPL
R02874	SQLEr
R06223	SQLS
R00405	SUCOASm
R00801	SUCRe
R06087	SUCRe
R02300	THFATm
R00942	THFGLUS
R03663	THRTRSm
R00616	TMDPPK
R02918	TYRTRSm
R00774	UREASE
R02098	URIDK2rn
R01214	VALTAim
R03665	VALTRSm
R01896	XYLTD_D
R02948	ACLDC
R01171	ACOAD1
R00317	ACYP_2
R00605	ALCD1
R03209	CHCOAL
R00856	G3PCT
R03425	GCCa
R04125	GCCb
R05612	HEXTT
R01168	HISDr
R01424	NBAH
R01651	OIVD1r
R01210	OIVD2
R02282	ORNTAC
R04286	PTHPS
R00408	SUCD1
R00414	UAG2EMA
R00418	UAG4Ei
R02914	URCN
R04990	URFGTT
R00970	URIK3
R02323	NMNR
R02401	OXPTNDH
R08365	GALAM6PISO
R00839	CLB6PH
R06112	CLB6PH
R01577	ARABDI
R10049	DKFPS2
R01117	ACNMCT
R03347	NICRNS
R01372	PPOR
R00227	ACOAH
R01574	ARAB1D1
R03889	AM6SAD
R02396	CSNATirm
R02237	DHFS_1
R01993	DHORTSn
R00391	KATp
R00946	METS_1
R01655	MTHFC_1
R01224	MTHFR3_1
R00189	NADS1m
R04292	QULNS_1
R06520	SBPP1
R07394	2OH3K5MPPISO
R07395	ENOPH
R02530	GLYOX_1
R00507	PAPSSH
R04418	CMCMSAD
R03303	DHPDO
R04379	CMHMI
R01645	4H2KPILY
R04089	3MCAT23DOX
R02990	3OADPCOAT
R01616	4CMCOAS
R01298	4HBHYOX
R05295	4MCAT23DOX
R05374	4OD2
R02317	AADSACYCL
R07302	ADCPS1
R06529	ADCPS2
R04378	ADPT2
R02273	APENTAMAH
R07176	APSR
R00357	ASPO1
R01361	BDH
R05621	BZ12DOX
R01487	BZALDH
R01763	BZALDH
R01419	BZDH
R01486	BZDH
R00813	BZDIOLDH
R01943	CAFFCOA
R00816	CAT23DOX
R00817	CATDOX
R01028	CHOLSH
R05700	COALDDH
R05227	COCHL
R05309	DH3MCHCDH
R05292	DH4MCHCDH
R02269	DHPM1
R02194	FERULCOAS
R02286	FORGLUIH
R03177	GDBTALDH
R01221	GLYCL_2
R00475	GLYCTO1
R01990	GUDBUTNAH
R04203	HACD9
R02762	HMSD
R05353	HMSD2
R02204	LPCOXc
R00927	MACCOAT
R01087	MALEI
R03540	MALMDA
R04095	MBCOAi
R03307	MUCCY_kt
R00525	NFORGLUAH
R00410	OCOAT1
R05864	OP4ENH2
R05181	PC11M
R05180	PC17M
R05150	PC6AR
R05149	PC6YM
R01631	PCADYOX
R05290	PTOLDOX
R09125	PYRDOX
R01873	QUIDH
R05219	R05219
R04771	SELMETAT
R00905	UPPN
R01293	VNDH_2
R05274	VNTDM
R05051	4HGLSD
R00548	ACP1_FMN
R05551	AMID5
R00017	CCP
R00524	FORAMD
R04443	PHCHGS
R02853	PSP_D
R01526	RBK_Dr
R01859	PPCOAC
R00431	PEPCK_re
R03877	MPML
R00705	MMSAD3
R01186	MI4PP
R01187	MI3PP
R02786	UAAGLS2
R00272	OXGDC
R01558	OXACOAL
R00251	OPAH
R09249	DPPS
R04049	DGC3D
R05814	CPC8MM
R05813	CPC6MT
R00907	APATr
R06975	AICART2
R00521	FCOAH2
R02377	ALCD3ir
R05604	ABTDG
R01895	RBTDG
R02782	2INSD
R05659	2INSD
R00461	LYSAM
R01986	4ABUTD
R03067	DHPS2_1
R00304	G1PP
R07168	MTHFR2_1
R00103	NADDPe
R03119	13PPDH
R02856	ACTDa
R07396	ARAT
R07364	ARD_1
R05811	CPC5MT
R05218	CYRDAR2
R01183	INS2D
R03648	ASNTRS_1
R00747	PALDH
R03303	34DHPACDO
R05810	CODSCL4MT
R07772	CODSCL5DA
R05814	CODSCL8XI
R06531	LTHRK
R06530	THRPDC
R02426	CDPGLC46DH
R01734	DMBZIDS
R00352	ACITL
R01422	BCOALIG
R01300	BCOALIG2
R05588	BZSCT
R09081	CSPMDDC
R09079	CSPMDDH
R08587	FUTH
R09281	GHBDHy
R01181	IBTMr
R01411	MCSNAH
R00700	NAD_H2
R05594	OCHCCH
R05603	PHEPC
R05599	PICH
R00004	PPA_1pp
R10343	SUCOAACTr
R01384	UDPGLDC
R03031	VACOAI
R02678	ALDD20x
R00895	CYSTA
R00896	CYSTA
R01063	GAPDi_nadp
R01230	GMPS
R00494	GTHRDH_syn
R03082	LALDO
R06266	MPOMMM
R06267	MPOMOR
R03530	NDPK10
R02065	PHYTES
R01523	PRUK
R00572	PYK4
R00724	PYK5
R01845	SBP
R00859	SULR_syn
R07236	TOCOPHOM1
R07504	TOCOPHOM2
R07502	TOCOPHS1
R07503	TOCOPHS2
R02063	GGDPR
R00805	SPP
R06211	SPP
R07323	SQLC2
R02201	1PPDCRp
R08698	2AMACHYD
R01933	2OXOADOXm
R03158	3HPCOAHYD
R01608	3HPPD
R04907	3HXKYNOXDA
R01562	3NTD7l
R02532	41R2A1H12BOOX
R04300	42A12BOOX
R02908	5HOXINOXDA
R03102	AASAD3m
R01648	ABTArm
R00927	ACACT10m
R00238	ACACT1x
R08967	ACGALK
R03482	ACGPID
R01560	ADAe
R01366	ADCim
R01157	AGMTm
R08549	AKGDm
R00205	ALR
R00899	AMPTASECGe
R03758	AOBUTDsm
R00184	AP4AH1
R00551	ARGNm
R00085	ATPH1e
0124#2	ATPtm
R08744	BAAT4x
R01361	BDHm
R02565	BETALDHxm
R01492	CBLATm
R01023	CHAT
R01023	CHATn
R03513	CORE3GTg
R05909	CORE3GTg
R02396	CSNATer
R01113	CYSGLTH
R02408	CYSLYSL
R00893	CYSO
R00513	CYTDK1
R00513	CYTDK2m
R01878	CYTDn
R00512	CYTK1m
R00512	CYTK1n
R04785	DASCBH
R01666	DCK1m
R01666	DCK1n
R01905	DGULND
R01658	DMATTx
R00380	DNAMTn
R02535	DOPABMO
R04301	DOPAMT
R04224	ECOAH12m
R04204	ECOAH9m
R02302	FTCD
R00941	FTHFDH
R10520	G6PDH1er
R00303	G6PPer
R01095	GALOR
R01333	GCALDDm
R00239	GLU5Km
R02487	GLUTCOADHm
R00466	GLXO2p
R00371	GLYATm
R00465	GLYCLTDym
R00847	GLYKm
R01108	GTHDH
R00274	GTHPe
R02640	GULN3D
R01481	GULNDer
R02287	GluForTx
R01975	HACD1m
R01961	HEX10
R02047	HIBDm
R01393	HPYRDC
R02353	HSD17B1
R01131	INSKm
R02405	ITCOAL1m
R00866	KHK
R01100	LACZe
R06114	LACZe
R01100	LACZly
R06114	LACZly
R01735	LCADi_D
R01682	LCYSTCBOXL
R00703	LDH_Lm
R00685	LTDCL
R00028	MALTly
R06154	MAOX
R04138	MCCCrm
R00233	MCDm
R00233	MCDp
R02245	MEVK1x
R00923	MMCDm
R00923	MMCDp
R02765	MMEm
R00922	MMSAD1m
R00705	MMSAD3m
R01218	MTHFD2m
R05908	N3Tg
R05050	NABTNOm
R00488	NACASPAH
R00102	NADNe
R00961	NDP10ex
R00328	NDP3ex
R00159	NDP8ex
R03530	NDPK10n
R00330	NDPK1n
R00156	NDPK2m
R00156	NDPK2n
R00570	NDPK3n
R02093	NDPK4m
R01857	NDPK5m
R01857	NDPK5n
R02331	NDPK6n
R02326	NDPK7m
R01137	NDPK8m
R00722	NDPK9m
R00722	NDPK9n
R04027	NMPTRCOX
R03005	NNATn
R02102	NTD1m
R00963	NTD2l
R00511	NTD4e
R00511	NTD4l
R01569	NTD5m
R02088	NTD6l
R00183	NTD7l
R01968	NTD8l
R01227	NTD9e
R01227	NTD9l
R00335	NTP3e
R01398	OCBTm
R00410	OCOAT1m
R01651	OIVD1m
R00667	ORNTArm
R01248	P5CRxm
R03376	PCLYSOX
R00191	PDE1g
R01234	PDE4g
R00431	PEPCKm
R00694	PHETA1m
R03245	PMEVKx
R02973	PNTEH
R00004	PPAer
R00004	PPAn
R00924	PPCOAOm
R00602	PRDXl
R01252	PROAKGOX1r
R03045	PRPNCOAHYDm
R03045	PRPNCOAHYDx
R04286	PTHPSn
R01154	PTRCAT1
R01151	PTRCOX1
R02126	RAI1
R02124	RDH1
R08379	RDH1a
R00716	SACCD3m
R00610	SARCOXp
R04930	SELCYSTGL
R00590	SERHL
R05693	SLDx
R00275	SPODMe
R00275	SPODMn
R00275	SPODMx
R08208	SPR
R00585	SPTix
R00713	SSALxm
R00432	SUCOAS1m
R00615	TDPm
R02810	THYPX
R01059	TRIOK
R02173	TRYPTAOX
R00736	TYRCBOX
R08615	UDPGNP
R00158	UMPKm
R02098	URIDK2m
R01769	XAO2x
R10053	R03184_PLUS_R00647
R01465	R01465m
R02664	2PGK
R05558	ATRZCH
R03298	CDPGS
R05804	GK_adp
R09594	H4MPTGL_atp
R09398	LPFPLT
R09098	MCMMT
R00342	MDHi2
R00343	MDHy
R09998	MMAMT
R02330	NTP8
R02095	NTP9
R10555	RBPI
R05693	SLDxi2
R05774	SPDC
R00400	ASPTA6
R00306	BGLA
R06104	BGLA
R00243	GDH1
R03189	GLUFT
R00868	MNLDH2
R07135	MNLDHr
R07171	NOX
R03545	ALCD4y
R07407	ASPO2y
R01172	BTCOARx
R00143	HAMR
R00357	ASPOm
R00355	ASPATh
R00765	G6PDA_1
R01473	UA4E
R00552	ARGDI
R01398	OCTh
R01398	OCTm
R00068	ASCBOR
R01108	GTHDHu
R02473	PBAL
R00905	BUPN
R02269	DHPD
R03200	CAS
R05633	CMS
R07481	CYARTMT
R02061	GGPS_1
R01123	IDIh
R05637	MCS
R02874	SMO
R07503	TCYD
R07236	TMTG
R07498	ZYMSTR
R07758	3OACOAS
R07761	ECOAR
R04672	APLh
R04672	APLm
R01172	BNORh
R03544	BTS
R03545	BTS_nadph
R01976	HBCO_nadp
R01976	HBCO_nadp_m
R01829	FBA3hi
R00206	PPDKh
R00024	RBPCh
R06962	LCYA
R03132	ACSERSULLm
R01288	SHSL2h
R00999	SHSL4h
R02433	AATC
R04859	CYSS_trdrd
R00586	SAT
R00586	SATm
R08349	CITALALDOR
R08294	LIDOMO
R08295	MEGLYXYLAMH
R08226	5FLURAOR
R08231	5FLURAPRT
R05102	CYTP450R
R08245	TGUAPRT
R04965	3HAD120_1
R07764	3HAD180_1
R04954	3HAD60_1
R04534	3OAR100_1
R04964	3OAR120_1
R04953	3OAR60_1
R01624	ACOATA_1
R04385	BTNC
R04355	KAS14_1
R03778	ACACT4m
R03858	ACACT6m
R03776	ACOAR3m
R03856	ACOAR5m
R04749	ECOAH2m
R04738	ECOAH7m
R04743	HACD4m
R04741	HACD5m
R04737	HACD7m
R01177	ACACT2
R03857	ACOA120OR
R03990	ACOA140OR
R01175	ACOA40OR
R05102	CYTP450Rh
R04746	ECOAH3_1
R04748	HACD2_1
R04620	AKP1_1
R00424	GTPCI_2
R01326	AM6PTh
R02568	FPGPL
R02732	PFK26_1
R01787	SBTRh
R01104	GGGH
R03418	GRGT
R06042	GRGT
R01192	IAGT
R06214	IAGT
R02926	MLGH
R01194	OAGMIG
R06093	OAGMIG
R01103	RGH
R06070	RGH
R00802	SGHA
R06088	SGHA
R00256	GAM
R00094	GDR
R00094	GDRm
R01072	PRDPARh
R00243	GDHm
R00497	GTHS_1
R00253	GALh
R00253	GALm
R00093	GLUS
R00243	GDH
R00248	GDH_nadp
R05717	GTHAMPOR
R05717	GTHAMPORh
R05717	GTHAMPORm
R03915	GTHPDSOR
R00842	G3PD1
R00844	G3PD2_1
R02529	AMO
R00371	GLYATx
R03425	GLYDHD
R01514	GLYPT
R00372	GLYTA_1
R03654	GLYTLm
R01771	HSK_1
R01334	PGLYCPh
R00582	PSP
R00751	THRA_1
R01466	THRS_1
R00480	ASPK_1
R01515	ACPh
R00658	ENOm
R01070	FBAf
R01070	FBAm
R02739	G6PIh
R01061	GAPDHf
R01061	GAPDHm
R01786	GLUKA
R01786	GLUKAh
R02740	PGIA
R03321	PGIBh
R00959	PGMTh
R00014	PDHam1hi
R00014	PDHam1mi
R01698	PDHe3hr
R01512	PGKm
R00200	PYKm
R00755	PDCh
R01655	MTHFCx
R00522	OXADCm
R01334	PGLYCPx
R03140	RBCh_1
R01167	HDC
R03013	HPh
R04037	PRACHh
R04640	PRICIh
R07058	13HODEOR
R07364	ACDO
R00179	ACPCS
R00192	ADSHm
R02026	AHAL
R01287	AHHST
R04858	DMT
R04405	MS
R01920	APAPTm
R00257	DNGALh
R00103	NPH
R00321	AMID_1
R00524	FORA
R00114	GLUS_nadph
R00794	NITR
R00790	NO2R
R01252	PROAKGOX1
R00936	DHFR2i
R04326	FGFTh
R04326	FGFTm
R02236	FOLR2_1
R02301	FTCL
R00946	METSm
R02300	MTAM
R04125	MTAM_nh4
R07168	MTHFO
R01224	MTHFO_nadp
R04391	APCPT
R02971	APNPT
R04439	DMORh
R01226	MTMOHT
R02473	PBALm
R00226	PPATDh
R01737	GNKh
R02035	PGLh
R01827	TAh
R01529	RPEh
R01830	TKT2h
R01073	ANTPPT
R00985	ATNS_nh4
R01714	CHRS
R02340	G3PL
R03508	IGPS_1
R00694	POATh
R01728	PPOR_1
R02722	SERH
R02412	SKK
R00674	TRPS2h
R00408	SUCDHh
R01986	ABOR
R01151	PTOR
R02393	BILIRED_1
R09067	CHLBSP
R00310	FCLT_1
R00078	FERO
R04109	GLUTRR_1
R02480	HEMELh
R07411	HEMEOSm_1
R06266	MPMECY2
R03222	PPPGO_1
R02864	SHCHF_1
R03194	UPP3MT_1
R03165	UPP3S_1
R03045	HPHL
R00233	MCDC
R06987	PCFPTm
R00919	PCNOn
R00921	PCPPTh
R00921	PCPPTm
R00509	AASPh
R00509	AASPm
R00126	ADATT
R00089	ADECn
R01858	AGPOP
R01858	AGPOPm
R01547	ATDAMh
R01547	ATDAMm
R01857	ATDGDm
R00330	ATGDm
R00086	ATPPHm
R01138	DAPOP
R03409	GDTP
R01231	GMPS_glu_m
R01229	GPAR
R00429	GTPDPK_1
R00430	GTPOPm
R00434	GUAC
R00434	GUACn
R01676	GUAD_1
R06601	HIUH
R00961	IDPA
R01130	IMPDm
R04144	PPRGL
R04144	PPRGLh
R04591	PRAISh
R01397	ASPCT_1
R00514	CDPPH
R02091	DGTCY
R01993	DHR
R02092	DTPH
R02097	DTTUP
R00575	HCGALm
R00962	ITCY
R00516	UTCY
R00315	ACKrh
R00315	ACKrm
R00746	ALCDH_nadp_hi
R00212	PFLACTm
R00019	HYDA
R00019	HYDAm
R05041	BATHORHODOPSINI
R02904	RHODOPSINRT
R08379	TRETINOLOR2
R02367	TRETINOLPMTACT
R03458	AUNOR
R04945	ACHMSSELCYSLh
R03601	ACSERLm
R04941	SELCYSTL
R04946	SUCHMSSELCYSLh
R03595	SLDK
R02737	UG6PGT
R06226	UG6PGT
R02737	UG6PGTn
R06226	UG6PGTn
R01385	UGE
R00948	GLPThi
R00533	SULO
R01324	ACONTx
R00342	MDHf
R00342	MDHh
R00341	PPCKm
R03181	MAAIn
R00005	ALPHm
R00774	URCB
R04441	DHAD_3mob_h
R05070	DHADh
R05068	KARI_23dhmp
R04138	MCTC
R07599	MOD
R07603	MOD_3mop
R07601	MOD_4mop
R01090	BCTA_glu_h
R02199	BCTAh
R01710	PYDXO_1
R03538	23CN2P2
R03929	23CN2P3
R01877	3NUCLE2
R00669	ACODA_1
R10563	ALCD19_L
R00554	ARGKr
R00551	ARGN_1
R00897	CYSS_2
R03026	ECOAH1_1
R04170	ECOAH5_1
R05707	FLVR_1
R03940	FMETTRS_1
R05608	GALCTD_1
R03634	GALS4
R06152	GALS4
R00013	GLXCBL
R01737	GNKr
R01975	HACD1_1
R01745	HOXPRx
R03243	HSTPTr
R00022	HXAD
R06141	HXAD
R04558	IG3PS_1
R02288	IZPN_1
R01555	MPL
R06040	MPL
R00667	ORNTA_1
R02282	ORNTAC_1
R02728	PGMT_B
R04037	PRAMPC_1
R01682	SALADC2
R02864	SHCHF_2
R01288	SHSL2
R01751	TARTDC
R01434	VALDHr
R03080	ALCD21_D
R02531	ALCD22_L
R10715	ALCD22_L
R00248	GLUDym
R00185	ADNK1n
R00509	ADSKn
R10270	AGXT2L2
R05631	B3GALT3g_cho
R05962	B3GALT3g_cho
R05110	B3GALT43g_cho
R05948	B3GALT43g_cho
R02391	BILIRED2
R01462	CHOLESTle
R02089	DADNKn
R01668	DCTPDPm
R01668	DCTPDPn
R07015	DHDDH
R02094	DTMPKm
R11323	DTTPDPn
R00078	FEROc
R01085	FUMAH
R06024	FUT14g_cho
R06155	FUT31g_cho
R06025	FUT91g_cho
R06075	FUT92g_cho
R06095	FUT93g_cho
R05105	GAL3ST12_cho
R06122	GAL3ST12_cho
R01498	GBAl_cho
R04494	GLCNACT_cho
R05970	GLCNACT_cho
R10053	GULOer
R00132	HCO3Ee
R10092	HCO3Ee
R02197	ILEOX
R00648	METOX
R09087	MINOHPKn
R01271	NMNSn
R05841	PHACCOAGLYACm
R06875	PI34P3P
R07299	PI34P4Pn_cho
R03363	PI3P3Pn_cho
R04545	PI45P3K_cho
R08981	PI45P4P_cho
R05795	PI4P3K_cho
R05795	PI4P3Kn_cho
R03469	PI4P5K_cho
R05803	PI5P4Kn_cho
R03362	PIK3_cho
R03362	PIK3n_cho
R03361	PIK4n_cho
R10951	PIK5n_cho
R07377	PSSA1_cho
R03035	PTPATe
R03424	RE0066C
R08174	RE0344M
R07758	RE0580R
R07759	RE0581R
R07761	RE0583N
R07408	RE0691C
R10951	RE1441G
R10951	RE1441R
R08981	RE1447M
R08981	RE1447N
R09074	RE1537C
R09074	RE1537X
R03899	RE1539C
R03899	RE1539X
R04762	RE1630R
R03974	RE1835C
R03974	RE1835M
R08745	RE1845C
R03538	RE1860E
R10991	RE2034C
R02384	RE2124C
R10452	RE2133C
R02356	RE2235C
R02356	RE2235R
R04764	RE2386C
R05803	RE2972R
R05802	RE2974G
R05802	RE2974R
R03090	RE3013R
R01320	RE3511C
R01320	RE3511R
R05056	RE3566C
R00529	SADTn
R03595	SELNPS_cho
R00589	SERR
R05116	ST3GAL23g_cho
R05949	ST3GAL23g_cho
R04656	ST3GAL61g_cho
R06026	ST3GAL61g_cho
R06032	ST8SIA56g_cho
R00677	TRPOX
R01497	UGCG_cho
R06275	UGCG_cho
R01769	XAO2
R01430	XYLOR
R00022	r0013
R06141	r0013
R00078	r0016
R00236	r0068
R00245	r0074
R00268	r0082
R00268	r0083
R00269	r0085
R00269	r0086
R00514	r0139
R00621	r0163
R00662	r0166
R00703	r0173
R01414	r0331
R00725	r0354
R01752	r0393
R01813	r0402
R01899	r0423
R01899	r0424
R01939	r0450
R01992	r0466
R02313	r0525
R02537	r0548
R02655	r0558
R02657	r0559
R02764	r0571
R02972	r0580
R03158	r0596
R03269	r0614
R03970	r0648
R08743	r0650
R08743	r0651
R04391	r0679
R04391	r0680
R04445	r0686
R04620	r0707
R05046	r0775
R05048	r0777
R05831	r0784
R06868	r0788
R00362	r1109
R07498	r1380
R02145	r1384
R07412	HEMEAS_1
R03929	23PDE4pp
R03537	23PDE7pp
R09983	3AMACHYD
R04535	3HAD100
R04965	3HAD120
R04568	3HAD140
R04954	3HAD60
R06787	3HCINNMH
R06786	3HPPPNH
R02370	3NTD4pp
R01562	3NTD7pp
R04534	3OAR100
R04566	3OAR140
R04953	3OAR60
R04536	3OAR80
R00829	3OXCOAT
R04300	42A12BOOXpp
R01740	5DGLCNR
R02529	AACTOOR
R02549	ABUTD
R01359	ACACCT
R00238	ACACT1r
R03858	ACACT6r
R03991	ACACT7r
R00228	ACALD
R00742	ACCOAC
R01201	ACGAMK
R02649	ACGK
R08648	ACHBS
R00315	ACKr
R08555	ACM6PH
R03777	ACOAD3f
R03990	ACOAD6f
R01325	ACONTa
R01900	ACONTb
R00235	ACS
R01560	ADA
R00127	ADK1
R00178	ADMDC
R05221	ADOCBIK
R01083	ADSL1r
R04559	ADSL2r
R02059	AGDC
R05176	AGMHE
R03443	AGPR
R00194	AHCYSNS
R04560	AICART
R07405	AIRC3
R08549	AKGDH
R07651	ALAALAD
R10938	ALAGLUE
R00401	ALAR
R01036	ALCD19
R02536	ALDD19xr
R00710	ALDD2x
R00711	ALDD2y
R09030	ALLPI
R09031	ALLULPE
R02528	ALR2
R00899	AMPTASECG
R00986	ANS
R03758	AOBUTDs
R10124	AOXSr2
R00125	AP4AH
R08359	APCS
R03759	APPLDHr
R03458	APRAUR
R01086	ARGSL
R00485	ASNNpp
R00578	ASNS1
R03648	ASNTRS
R00489	ASP1DC
R01397	ASPCT
R00480	ASPK
R00481	ASPO6
R01071	ATPPRT
R02566	BETALDHy
R00188	BPNT
R10127	BSORy
R00009	CAT
R01492	CBLAT
R07316	CBMD
R10002	CDGS
R08557	CHOLD
R01714	CHORS
R09959	CPH4S
R03220	CPPPGO
R06895	CPPPGO2
R10643	CRNCBCT
R10675	CRNCDH
R00573	CTPS2
R01931	CYANSTpp
R01874	CYSDDS
R00782	CYSDS
R00897	CYSS
R00863	CYSSADS
R02137	CYTDH
R00517	CYTDK2
R00512	CYTK1
R01665	CYTK2
R02556	DADA
R01547	DADK
R00195	DAPAL
R02735	DAPE
R07281	DB4PS
R03182	DBTS
R03387	DDGALK
R01826	DDPA
R01064	DDPGALA
R05070	DHAD2
R01012	DHAPT
R01504	DHBS
R03504	DHNPA2r
R01867	DHORDfum
R01993	DHORTS
R03067	DHPS2
R07354	DHPTDNRN
R03084	DHQTi
R04621	DNMPPA
R04638	DNTPPA
R02637	DOGULNR
R00130	DPCOAK
R01066	DRPA
R00340	DTARTD
R00977	DURADx
R02484	DURIPP
R05636	DXPS
R04746	ECOAH3
R04170	ECOAH5
R04738	ECOAH7
R05605	EDA
R02036	EDD
R10118	EGMEACPR
R00658	ENO
R09748	FADRx
R06982	FALGTHLs
R01829	FBA3
R02262	FCLPA
R00078	FEROpp
R03921	FFSD
R05707	FLVR
R09750	FLVRx
R03940	FMETTRS
R00161	FMNAT
R05705	FMNRx
R05706	FMNRx2
R02300	FOMETRi
R00944	FTHFD
R01043	G2PP
R01043	G2PPpp
R00844	G3PD2
R03314	G5SADs
R03313	G5SD
R10622	GAL1PPpp
R03033	GALCTND
R01092	GALKr
R00289	GALUi
R01061	GAPD
R04325	GARFT
R01333	GCALDD
R07418	GGGABADr
R01644	GHBDHx
R00332	GK1
R03652	GLNTRS
R05571	GLTPD
R00239	GLU5K
R00248	GLUDy
R00256	GLUN
R04109	GLUTRR
R00371	GLYAT
R00465	GLYCLTDy
R03654	GLYTRS
R01737	GNK
R01030	GPDDA1
R01470	GPDDA2pp
R01917	GSPMDS
R00274	GTHPi
R00494	GTHRDHpp
R03409	GTPDPDP
R00434	GUACYC
R01676	GUAD
R01975	HACD1
R04748	HACD2
R04745	HACD3
R04739	HACD6
R06941	HADPCOADH3
R00132	HCO3E
R10092	HCO3E
R04448	HETZK
R00299	HEX1
R00867	HEX7
R03013	HISTP
R03655	HISTRS
R03503	HPPK2
R01394	HPYRI
R01392	HPYRRy
R01775	HSDy
R01768	HXAND
R01132	HXPRT
R00267	ICDHyr
R03037	ICHORT
R00479	ICL
R03656	ILETRS
R01127	IMPC
R01770	INSH
R01123	IPDDI
R04439	KARA1
R04355	KAS14
R10707	KAS15
R03254	KDOPS
R07125	KG6PDC
R01100	LACZpp
R06114	LACZpp
R02527	LALDO2x
R03080	LCARR
R02258	LCARS
R00704	LDH_D
R04606	LPADSS
R06126	LSERDHr
R00462	LYSDC
R01906	LYXI
R02703	M1PD
R00215	MALDDH
R01556	MALTATr
R06251	MALTATr
R01819	MAN6PI
R02454	MANAO
R04424	MCITD
R00409	MCITL2
R00931	MCITS
R01626	MCOATA
R03106	MCPST
R00342	MDH
R00216	ME2
R00946	METS
R02025	METSOXR1
R07608	METSOXR2
R01185	MI1PP
R04425	MICITDr
R05606	MNNH
R05074	MOAT2
R06285	MOAT2
R09726	MPTAT
R01655	MTHFC
R01220	MTHFD
R00103	NADDP
R00102	NADN
R00118	NADPPPS
R00189	NADS1
R01724	NAMNPP
R02093	NDPK4
R02326	NDPK7
R01137	NDPK8
R02492	NHFRBO
R00137	NMNAT
R04148	NNDMBRT
R03348	NNDPR
R05724	NODOx
R05725	NODOy
R02102	NTD1
R01126	NTD11
R02102	NTD1pp
R00963	NTD2pp
R01664	NTD3
R01664	NTD3pp
R01569	NTD5pp
R00335	NTP3
R03531	NTPP10
R02720	NTPP11
R00426	NTPP2
R00515	NTPP4
R00720	NTPP9
R00217	OAADC
R01398	OCBT
R10117	OGMEACPD
R05085	OHPBAT
R00965	OMPDC
R10121	OPMEACPD
R01870	ORPT
R02937	OXAMTC
R01908	OXCDC
R02539	PACCOAL
R00209	PDH
R00278	PDX5POi
R01911	PDXPP
R02613	PEAMNOpp
R04210	PERD
R03236	PFK_2
R01843	PFK_3
R00212	PFL
R01512	PGK
R01518	PGM
R08639	PGMT
R03660	PHETRS
R01818	PMANM
R00004	PPA
R00138	PPA2
R00336	PPGPPDP
R02749	PPM2
R04231	PPNCL2
R01728	PPND
R04037	PRAMPC
R04591	PRASCSi
R04640	PRMICI
R10507	PROD2
R03661	PROTRS
R00582	PSP_Lpp
R03035	PTPATi
R01155	PTRCTA
R02557	PUNP2
R02748	PUNP6
R02297	PUNP7
R00277	PYAM5PO
R02493	PYDAMK
R00174	PYDXK
R01909	PYDXNK
R00173	PYDXPP
R01872	QUINDH
R04292	QULNS
R04457	RBFSa
R00066	RBFSb
R02437	RMI
R02263	RMPA
R02017	RNDR1
R02018	RNDR4
R01529	RPE
R04594	RZ5PP
R05645	S7PI
R09768	S7PI
R00610	SARCOX
R02734	SDPDS
R08219	SELCYSS
R08165	SEPHCHCS
R00221	SERD_D
R03662	SERTRS
R00411	SGDS
R05049	SGSAD
R08166	SHCHCS3
R03947	SHCHD2
R02412	SHKK
R00275	SPODM
R00713	SSALx
R00714	SSALy
R04030	SUCBZL
R00858	SULR
R00339	TARTD
R05320	TAUDO
R00615	TDP
R10142	TDPADGAT
R04438	TDPAGTA
R02777	TDPDRR
R06513	TDPGDH
R01069	TGBPA
R04365	THDPS
R01466	THRS
R01567	TMDK1
R02101	TMDS
R00617	TMPK
R03223	TMPPP
R09675	TPRDCOAS
R00837	TRE6PH
R06113	TRE6PH
R02778	TRE6PP
R06228	TRE6PP
R00836	TRE6PS
R06043	TRE6PS
R00673	TRPAS2
R02722	TRPS1
R01745	TRSARr
R00734	TYRTA
R02918	TYRTRS
R04550	U23GAAT
R00660	UAGCVT
R05032	UAGPT3
R06174	UAGPT3
R00286	UDPGD
R04587	UHGADA
R07660	ULA4NFT
R00158	UMPK
R03165	UPP3S
R00966	UPPRT
R02935	URDGLYCD
R01080	URIH
R00968	URIK2
R03244	X5PL3E
R02103	XAND
R02142	XPPT
R02143	XTSNH
R01432	XYLI1
R01639	XYLK
R01901	XYLK2
R03210	AOXSr
R11485	FLDR
R04745	HACD3i
R04741	HACD5i
R00238	KAT1
R02765	MME
R00833	MMM2
R07396	UNK3
R03336	34HPLFM
R02521	34HPPOR
R04711	3DH5HPBMTm
R02665	3HAO
R06866	3HPH5MBDCm
R03894	3MOPDC
R01301	4HBZFm
R05051	4HGLSDm
R02549	ABUTDm
R00238	ACACT1m
R02649	ACGKm
R00259	ACGSm
R00227	ACOAHim
R01624	ACOATAm
R01324	ACONTm
R02283	ACOTAim
R00548	ACP1e
R10747	ACPSm
R00235	ACSm
R00235	ACSp
R00369	AGTi
R04620	AKP1
R00830	ALASm
R00258	ALATA_Lm
R05685	ALCD24xi
R05685	ALCD24xim
R02611	ALCD25xi
R02611	ALCD25xim
R02679	ALCD26xi
R00754	ALCD2ir
R00754	ALCD2irm
R00904	ALDD22x
R00710	ALDD2xm
R00711	ALDD2ym
R03180	AMID
R03096	AMID3
R04025	APRTO2
R03646	ARGTRSm
R00485	ASNNe
R03648	ASNTRSm
R00355	ASPTAp
R05577	ASPTRSm
R00126	ATPATF1
R00085	ATPH1
R00086	ATPS
R07497	C8STI
R00009	CATp
R01021	CHOLK
R02396	CSNATp
R00571	CTPS1
R01001	CYSTGL
R01663	DCMPDA
R01826	DDPAm
R01011	DHAK
R00130	DPCOAKm
R01662	DPGM
R01121	DPMVD
R04170	ECOAH5p
R01329	EPMGH
R06142	EPMGH
R01280	FACOAL160
R02731	FBP26
R00519	FDH
R03940	FMETTRSm
R00161	FMNATm
R00408	FRDm
R02061	FRTT
R02301	FTHFCL
R02301	FTHFCLm
R01082	FUMm
R03425	GCCam
R04125	GCCbim
R03815	GCCcm
R01104	GGLGH
R01221	GLYCLm
R01736	GLYOXm
R00274	GTHPm
R04741	HACD5p
R04371	HACNHm
R05616	HBZOPT6m
R00132	HCO3Em
R10092	HCO3Em
R04862	HICITDm
R03655	HISTRSm
R02668	HKYNH
R03291	HPROxm
R03293	HPROym
R00709	ICDHxm
R01974	INDPYRD
R04439	KARA1im
R01090	LEUTA
R01090	LEUTAm
R03657	LEUTRSm
R03199	LNSTLS
R03181	MACACI
R00472	MALSp
R00028	MALT
R01626	MCOATAm
R00214	ME1m
R00216	ME2m
R03217	METB1
R02245	MEVK1
R01402	MTAP
R01655	MTHFCm
R01218	MTHFD2i
R01220	MTHFDm
R01224	MTHFR3
R05050	NABTNO
R00102	NADNm
R00122	NDP1
R00155	NDP7
R00137	NMNATm
R01268	NNAMrm
R03093	NTRLASE
R03542	NTRLASE2
R01652	OMCDCm
R02282	ORNTACim
R00707	P5CDm
R00209	PDHm
R02038	PETHCT
R02732	PFK26
R03660	PHETRSm
R02294	PNP
R01377	PPYRDC
R01274	PTE2x
R01561	PUNP1m
R01711	PYDXNO
R00224	PYRDC
R04293	QUILSYN
R01103	RAFGH
R06070	RAFGH
R00549	RBFKm
R02017	RNDR1n
R02024	RNDR3n
R02018	RNDR4n
R02324	RNMK
R02023	RNTR4
R00529	SADT
R04427	SAM24MT
R06520	SBPP1er
R00875	SBTD_D2
R02869	SPRMS
R00408	SUCD1m
R08766	T4HCINNMFM
R00996	THRD_Lm
R02016	TRDRm
R00010	TREHv
R06103	TREHv
R00678	TRPO2
R00684	TRPTA
R03664	TRPTRSm
R00734	TYRTAi
R00734	TYRTAim
R00734	TYRTAip
R00158	UMPKn
R00964	URIK1
R01431	XYLR
R00396	ALAD_L
R01148	ALATA_D
R01010	ALKP
R00552	ARGDr
R02285	FGLU
R03815	GCCc
R07412	HEMEAS
R02288	IZPN
R00703	LDH_L
R00563	NOPD
R00671	ORNCD
R01698	PDHcr
R02296	PYNP1
R03540	PYRZAM
R00801	SUCR
R06087	SUCR
R04972	UPPDC2
R00131	UREA
R03132	SLCYSS
R10866	PFOR
R02402	GLCOAS
R06602	SALSYN
R00306	CLBH
R06104	CLBH
R01804	ACNPLYS
R09097	MMSAD2
R02323	NMNHYD
R01257	DMALRED
R01397	ASPCTn
R00575	CBPSn
R03321	G6PI2
R00424	GTPCI_1
R01778	HACDp
R01446	LCADm
R01655	MTHFCm_1
R01220	MTHFD_1
R01218	MTHFD2
R01220	MTHFDm_1
R04323	PCLAD
R00257	NADS2
R07393	23DK5MPPISO
R07364	ARD
R00956	G1PCTYT
R03634	STACHGALACT
R06152	STACHGALACT
R01875	TSULR3e
R01647	DHEDAA
R04132	OHEDH
R03299	3HPAOX
R02203	1PPDCRc
R02658	2DHGLCK
R05347	3MBZALDH
R03470	4CMLCL_kt
R05282	4MBZALDH
R03966	4OT
R05389	4OT2
R08764	6HNACMO
R03102	AASAD3
R04175	AOXHEXCYCL
R02274	APTNAT
R08197	ARUH
R02821	BHMT
R06977	DABAAT
R00568	DCTPD2
R01627	DHSKDH
R00380	DNAMTn2r
R00978	DURAD
R04224	ECOAH12
R04204	ECOAH9ir
R00848	G3PD
R02736	G6PBDH
R03905	GLNTRAT
R02487	GLUTCOADHc
R01752	GLYALDDr
R05865	HMSH2
R05298	HOPNTAL2
R00449	LYSMO
R00460	LYSRC
R04138	MCCC
R00654	METGL
R00935	MMTSAO
R05665	MTOLDOX
R03959	MUCCYCI
R04260	MUCLI
R05443	MXMO
R09126	NFMLDF
R03178	OARGDC
R02991	OXOAEL
R05552	PABB
R03948	PC20M
R05177	PC8XM
R02034	PGLCNDH
R05288	PXMO
R00220	SER_AL
R00223	SER_AL
R01288	SHSL2r
R05699	VNDH
R10747	ACPS
R00746	ALCD2y
R00321	AMID4
R00985	ANS2
R07410	ASPO2
R00470	DDPGA
R10520	G6PDH1
R05692	GFUCS
R03291	HPROx
R01450	LacR
R04444	PHCD
R00245	PUTA3
R06603	SALCS
R00602	PRDX
R04230	PPNCL3
R00206	PPDK
R02972	PNCDC
R00699	PHYCBOXL
R02613	PEAMNO
R01248	P5CRx
R00922	MMSAD1
R00233	MCD
R05662	UAGPT2
R06173	UAGPT2
R10971	TRESULT
R00319	LO
R05030	GLNSP2
R01557	MTI
R06218	MTI
R05861	DALAOX
R05809	CPC3MT
R03470	CMLDC
R00604	ALDD1
R00408	FRD
R02236	FOLR2
R09840	PHACTE
R03300	34DHALDD
R01047	GLYCDH
R00159	NTP7
R05661	D5KGK
R04103	PENAM
R04065	IMACTD
R00481	ASPO6_1
R01504	DHBSr
R06788	DHCINDO_1
R04376	HPPPNDO_1
R00010	TREHe
R06103	TREHe
R02855	ACTD
R07363	ARD1
R00891	CYS
R05378	D5KGPA
R08944	MACPT
R04152	AEPPYRTA
R02698	4HOXPACMON
R07773	CODSCL5BMT
R10146	SO3R
R07651	ALAALAD_1
R05305	3HOPCD
R05337	4HBCOAH
R01416	AGMDA
R03544	ALCD4
R10927	ASR2
R05598	BZSS
R05597	CHDCCH
R03898	CITCIb
R00372	GLYTA
R05581	HOCCD
R02963	LCD
R07613	LDAPAT
R05586	OGCOAAT
R01174	PBUTT
R05625	PHEPS
R01251	PRO1y
R09280	SSCOARy
R04880	34DHOXPEGOX
R02393	BILIRED
R06896	DVOCHR
R01195	FNOR
R03824	GCATENEC
R00021	GLMS_syn
R07181	H2ASE_syn
R07500	HGPHT
R05341	LYCOPC
R07501	MPBQ
R06265	MPOMC1
R04237	MPOMT
R00791	NAR_syn
R01271	NMNS
R00790	NOR_syn
R01196	POR_syn
R00659	PYK2
R00430	PYK3
R03140	RBCh
R00024	RBPC
R00588	SPT_syn
R05775	SQD1
R06859	DMTPHT
R00466	GLXO3r
R00522	OXADC
R09502	FTR
R07322	SQLC
R10518	MEHLER
R03302	34DHPLACOX_NADP
R04172	3HXKYNDCL
R04890	3MOXTYROX
R01357	AACOAT
R01903	ABTD
R01207	ACGAM2E
R01026	ACHEe
R01175	ACOAD1fm
R04095	ACOAD8m
R01515	ACYP
R00185	ADNK1m
R00951	ADPGLC
R00369	AGTim
R00369	AGTix
R02537	ALDD19x_P
R01938	AMCOXO
R00908	APAT2rm
R00566	ARGDCm
R00485	ASNNm
R00487	ASPNATm
0124#2	ATP1ter
R00122	ATPH2e
R08745	BAAT5x
R02397	BBHOX
R00032	BCDO
R00508	BPNT2
R00009	CATm
R07641	CBPSam
R02057	CEPTE
R06871	CHLP
R01117	CMPSASn
R03514	CORE4GTg
R05915	CORE4GTg
R01931	CYANSTm
R00895	CYSTAm
R00896	CYSTAm
R01665	CYTK2n
R02556	DADAe
R02089	DADNK
R05861	DALAOXx
R02923	DARGOp
R00359	DASPO1p
R02485	DCYTDn
R00470	DDPGAm
R01967	DGNSKm
R03405	DHEASULT
R03004	DNADDP
R02457	DORNOp
R03036	DPCOAPP
R01121	DPMVDx
R02099	DURIK1m
R02100	DUTPDPm
R02100	DUTPDPn
R03026	ECOAH1m
R03026	ECOAH1x
R06870	ETHP
R01951	F1PGT
R00160	FADDP
R01785	FBA4
R00521	FCOAH
R03313	G5SDym
R05927	GALT2g
R00332	GK1m
R02933	GLNLASEer
R00256	GLUNm
R00475	GLYCTO1p
R00366	GLYOp
R01528	GNDer
R00367	GNMT
R02003	GRTTx
R01228	GSNKm
R00424	GTPCIn
R07172	H2O2syn
R01975	HACD1x
R04203	HACD9m
R01167	HISDC
R02150	HISTASE
R01393	HPYRDCm
R02353	HSD17B7r
R02352	HSD17B8r
R04065	IMACTD_m
R01184	INOSTO
R01123	IPDDIx
R01735	LCADi_Dm
R02433	LCYSTAT
R02433	LCYSTATm
R03199	LNSTLSr
R02204	LPCOXp
R03059	LTC4Sr
R00447	LYSOXp
R00028	MALTe
R00833	MMMm
R01667	NDP6
R00155	NDP7er
R00155	NDP7ex
R00155	NDP7g
R03530	NDPK10m
R00330	NDPK1m
R00570	NDPK3m
R02093	NDPK4n
R02331	NDPK6m
R02326	NDPK7n
R01137	NDPK8n
R00137	NMNATn
R02295	NP1
R05911	NS26Tg
R03346	NT5C
R00963	NTD2e
R00963	NTD2m
R01664	NTD3l
R01569	NTD5l
R00183	NTD7e
R01210	OIVD2m
R01251	P5CRm
R10748	PAN4PP
R00344	PCm
R02035	PGLer
R05779	PMI12346PHn
R03018	PNTKm
R00138	PPA2m
R01859	PPCOACm
R04175	PPD2CSPp
R01248	PRO1x
R10507	PROD2m
R02123	RADH
R02315	SACCD4m
R02534	SALMCOM
R02155	SAMHISTA
R04942	SELCYSTS
R02464	SGPL11r
R05693	SLDxm
R00275	SPODMm
R08208	SPRn
R06223	SQLSr
R00618	THMTP
R01567	TMDK1m
R02382	TYROXDAc
R10183	UAGALDP
R01384	UDPGLDCg
R00287	UDPGP
R00503	UGALGTg
R06067	UGALGTg
R02103	XANDp
R02107	XAOx
R01904	XYLUR
R08323	7MHTS
R05226	ADOCBIAH
R00059	AHXDH
R08213	AKGCAL
R01550	ALCD20y
R10393	CH2ACH
R08217	COBS
R09999	DMAMT
R09399	GF4GL_0
R09400	GF4GL_1
R03651	GLUTRS_Gln
R00018	HSPMS
R09397	LPPGS
R00789	NTRIR2y
R00004	PPA_1
R10392	RH2CD
R10395	RH3CD
R05694	SLDy
R09124	TMAMT
R04467	ADAPAT
R00691	AROH
R04212	ASNTRAT
R03647	ASPTRS_Asn
R00952	CEPA
R06056	CEPA
R02733	DAPDA
R01869	DHORD_NAD
R00090	NADHPO
R00585	SPTc
R10438	SULFDH
R04364	THPAT
R06613	TMDS3
R00397	ASP4DC
R00491	ASPR
R00709	ICDHx
R00485	ASPSE
R00501	UDPGALOR
R01992	AABHH
R03313	G5DHx
R01954	ARGSS_1
R01398	OCT
R02869	ASAPT
R03288	BADP
R05634	CMK
R03775	CYEUOLCYCI
R05688	DXRI
R05636	DXS
R02003	FPPSh
R02063	GGDR
R01658	GPPSh
R07500	HPT
R07483	MERGTROLR
R07501	MPQMT
R05731	OBFOOLOR
R00702	PSPPS
R02872	SS
R07502	TCYG
R07504	TMTD
R02222	COA1819ZD9DS
R08177	FACOAE1829Z12Z
R08178	FACOAE1839Z12Z15Z
R01361	HBNOx
R00713	SSNOh
R01063	GAPDH_nadp_hi
R00132	HCO3Ehi
R10092	HCO3Ehi
R00343	MDH_nadp_hi
R01523	PRUK_1
R01845	SBP_1
R00216	MDHC_nadp_hr
R07179	ANXANASCOR
R03824	LCYB
R06963	LCYD
R07840	LCYE
R05341	LCYG
R06948	NEOXANS
R07178	VIOXANOR
R03132	ACSERSULL
R03132	ACSERSULLh
R03260	SHSL1h
R02408	CTINBL
R00895	CYSATm
R00896	CYSATm
R00895	CYSAT
R00896	CYSAT
R00893	CYSDO
R00897	CYSS_1
R00782	CYSTBL
R08348	DDMCITALOR
R08347	DMCITALOR
R08300	LIDOAMH
R08227	56DH5FLURAAMH
R08237	6MPURPRT
R08240	6TINS5MPOR
R08244	6TXAN5MPAML
R08228	AFLBURPPAAMH
R04535	3HAD100_1
R04568	3HAD140_1
R04544	3HAD160_1
R04428	3HAD40_1
R04537	3HAD80_1
R04566	3OAR140_1
R04543	3OAR160_1
R04533	3OAR40_1
R04536	3OAR80_1
R04386	ACCOAC_1
R01626	MCOATA_1
R01177	ACACT2m
R03991	ACACT7m
R03989	ACOAR6m
R01278	ACOAR7m
R04746	ECOAH3m
R04744	ECOAH4m
R04170	ECOAH5m
R04740	ECOAH6m
R04748	HACD2m
R04745	HACD3m
R04739	HACD6m
R01279	ACOA160OR
R03777	ACOA80OR
R04749	ECOAH2_1
R04745	HACD3_1
R02235	DHFOR
R04638	DNTPPA_1
R00942	THFGLUS_1
R00937	THFOR1
R00940	THFOR2
R04780	BFBP
R04780	BFBPh
R02731	FBPPH
R01819	MPAKI
R02411	AGMIS
R06071	AGMIS
R01329	EMGH
R06142	EMGH
R01092	GALKh
R01098	GALO
R01678	LCGH
R06098	LCGH
R03634	SYGH
R06152	SYGH
R00261	ARGDh
R00115	GDR_nadp_h
R00094	GDRh
R00021	GLUS_ferr
R00894	GCL
R05775	UDPSQS
R00846	G3PO
R03758	AOBUTDxs
R01388	GLYCDH_1
R01513	PGLYDH
R04173	PSAT
R00588	SGAT
R00220	THRAL
R00223	THRAL
R02291	ASADH
R01775	HSDH
R00658	ENOf
R01070	FBAh
R02739	G6PI_1
R01061	GAPDHh
R04779	PFKh
R00959	PGCM
R02740	PGIAh
R01518	PGMf
R01518	PGMm
R01512	PGKf
R01512	PGKh
R00200	PYKf
R01015	TPIh
R00755	PDCm
R00524	FORAMDx
R01745	HOXPRm
R00479	ICL_1
R00472	MALSh
R00472	MALSm
R02150	AO
R03243	AOOAh
R01158	HDH
R01158	HDHh
R03013	HP
R03457	IGPDh
R04558	IMGPSh
R04035	PRADPh
R03372	MIHKPP
R03626	LLOX13
R07393	ACRS
R03217	AHSL
R01286	CBL
R00177	MATm
R00137	ANNAT
R00137	ANNATn
R01271	NAPT
R00112	NNOR
R00149	CPS
R00774	URCBm
R00270	HYNE
R02914	URCN_1
R04325	FPGFTh
R04325	FPGFTm
R02302	FTAL
R00004	IDPh
R00004	IDPm
R01216	2DHPFALDL
R03035	APPAT
R02472	PNORn
R02736	G6PBDHh
R01528	PGDHh
R00986	ATNS
R01715	CHRM
R03083	DHQS_1
R01826	DPHS
R03084	DQDH
R03509	PRAI
R03460	PSCIT
R02413	SKDH
R00734	TYRTAh
R01416	AGDI
R01416	AGDIn
R01152	CMPA
R00670	ORDCh
R08584	CHLADMT
R02272	G1SAT_1
R05578	GLUTRS_1
R07412	HEMEASm
R02480	HEMELm
R03877	MPML_1
R00084	PPBNGD
R00036	PPBNGS_1
R04123	TFENFEOR
R03166	UPP1S
R03197	UPPDC1_1
R04972	UPPDC2_1
R00997	ACCAHh
R00997	ACCAHm
R04919	HPCOR
R00744	OCDOR
R06987	PCFPTh
R00919	PCNO
R01135	ADSSh
R01618	APATT
R00191	APNn
R02422	ATAH
R00127	ATAMh
R00187	BTP
R00125	BTPS
R01234	GCPN
R01234	GCPNn
R01227	GMP5N
R01230	GMPSm
R02106	URO
R01397	ASPCTm
R01548	DATCY
R01549	DATUP
R02371	DCTCP
R02327	DCTUP
R01880	DGTUP
R02096	DTTGY
R02372	DUTCP
R02332	DUTUP
R02016	TDSRh
R00967	UTUP
R00228	ACALDh
R00742	ACCOAhi
R00317	APhi
R01213	IPPSh
R00704	LDHm
R00703	LLDHh
R00212	PFLh
R00230	PTArh
R00230	PTArm
R00224	PYRDC_1
R01196	PYRShi
R00019	HYDAh
R00032	CAROMO
R06194	LUMIRHODOPSINI
R02127	METARHODOPSINH
R02124	TRETINOLOR1
R00161	AFAT
R07280	AUS
R04457	DLDLBT
R00066	RIBFS
R04945	ACHMSSELCYSL
R03601	ACSERL
R03601	ACSERLh
R04941	SELCYSTLh
R03600	SELTORc
R03600	SELTORm
R04946	SUCHMSSELCYSL
R08219	SLCS
R03920	ABFPT
R03920	ABFPTh
R06102	BFFS
R00802	SAGH
R06088	SAGH
R00533	SULOm
R00859	SULR_ferr
R00864	TSULe
R00343	MDH_nadp_fi
R00267	ICDHhr
R00405	SUCLm
R03342	34HPPYRI
R04673	ACAS_2ahbut
R05069	KARI
R04440	KARI_23dhmb
R05071	KARI_3hmoa
R00996	TAL
R03665	VALTLh
R03869	ALDH
R04137	ECH_3hivcoa
R05064	HIBH
R05066	HMNO
R00935	MMSDH
R01214	BCTA_val_h
R01708	PYDXOR
R07456	PYDXS
R03537	23CN2P1
R05135	23CN2P4
R01562	3NUCLE1
R02370	3NUCLE3
R02148	3NUCLE4
R04742	ACACT5r_1
R01666	ADADir
R04859	AHSERL4
R01704	ALDD16
R04065	ALDD20x_1
R02957	ALDD32
R04364	APATi
R00306	BG_CELLB
R06104	BG_CELLB
R06363	BLACT
R07651	DAAOP
R01967	DGNSK
R07393	DM1PE
R04224	ECOAH2c
R00310	FCLT_2
R02285	FGLU_1
R00653	FMETDF
R00300	G1Dx
R00494	GGTAe2
R02754	GLCRAL_1
R02752	GLCRD_1
R00366	GLYO1
R07411	HEMEOS_1
R03457	IGPDH_1
R00810	ISOMS
R06217	ISOMS
R01000	LDH2
R01088	LLEUDr
R00838	MAL6PG
R06115	MAL6PG
R02025	METSR_S1
R01398	OCBT_1
R05613	PPTT
R08368	PUNP8
R02156	Q23DO
R03947	SHCHD2_1
R02925	SORD_D
R00858	SULR_1
R06180	TARTRDH
R02545	TARTRDH2
R00782	TRPAS1
R00418	UAG4E
R03194	UPP3MT_2
R04998	BDG2HCGHD
R02470	P4502C93
R03404	STS1
R03404	STS1r
R01481	GULND
R06197	ABO5g_cho
R05953	B3GALT44g_cho
R05964	B3GALT5g_cho
R04610	B3GALTg_cho
R06006	B3GALTg_cho
R05977	B3GNT310g_cho
R09755	B3GNT310g_cho
R06097	B3GNT315g_cho
R01802	CDIPTr_cho
R01495	CERK_cho
R02030	CLS_cho
R01665	CYTK2m
R04785	DASCBH_cho
R10235	DIDP
R00187	DNTP
R03036	DPCOAPPe
R11323	DTTPDPm
R00160	FADDPle
R06221	FUT97g_cho
R05109	GALGT3_cho
R05946	GALGT3_cho
R01498	GBA_cho
R03534	HGDm
R03378	HOLYSK
R01394	HPI
R06601	HURH
R07324	MI3PS
R10748	PAN4PPe
R00208	PGAM1_PhosHydro
R00689	PHEOX
R04513	PI345P3P_cho
R04513	PI345P3Pn_cho
R09827	PI345P5P_cho
R09827	PI345P5Pn_cho
R06875	PI34P3Pn_cho
R07299	PI34P4P
R10928	PI35P3P_cho
R05802	PI3P5K_cho
R03363	PI3PP_cho
R04545	PI45P3Kn_cho
R04404	PI45P5P_cho
R04404	PI45P5Pn_cho
R03469	PI4P5Kn_cho
R05803	PI5P4K_cho
R03361	PIK4_cho
R10951	PIK5_cho
R02973	PNTEHe
R03424	RE0066M
R03424	RE0066R
R07758	RE0580L
R07759	RE0581C
R07760	RE0582N
R02355	RE1587C
R02355	RE1587L
R02355	RE1587R
R04762	RE1630C
R03974	RE1835X
R07477	RE1897C
R07770	RE1944C
R09564	RE2513C
R09564	RE2513E
R09564	RE2513L
R09564	RE2513N
R05803	RE2972G
R05803	RE2972M
R05802	RE2974N
R03090	RE3013C
R07122	RE3259C
R07122	RE3259R
R05718	RE3409C
R05058	RE3421M
R05058	RE3421R
R01320	RE3511M
R04609	RE3519C
R07036	RE3519C
R04609	RE3519R
R07036	RE3519R
R04609	RE3519X
R07036	RE3519X
R04565	RE3556C
R05057	RE3567C
R05954	ST6GALNAC27_cho
R05955	ST6GALNAC28_cho
R05951	ST6GALNAC62_cho
R05958	ST8SIA54g_cho
R00407	SUCCOAPET
R00729	TYROX
R01497	UGCGc
R06275	UGCGc
R02106	URAOX
R02107	XAO
R00004	r0009
R00183	r0047
R00190	r0051
R00268	r0084
R00287	r0093
R00316	r0097
R00414	r0113
R00428	r0120
R00533	r0142
R00569	r0149
R00576	r0156
R00576	r0157
R00714	r0179
R00748	r0186
R00842	r0202
R01010	r0242
R01041	r0246
R01138	r0280
R01151	r0281
R01280	r0311
R01357	r0321
R01414	r0330
R01514	r0340
R01139	r0355
R01327	r0360
R01330	r0361
R01964	r0363
R01965	r0364
R01608	r0365
R01855	r0410
R01899	r0422
R02037	r0480
R02092	r0494
R02095	r0497
R02235	r0512
R02236	r0514
R02536	r0546
R02743	r0568
R02971	r0579
R01104	r0627
R04285	r0673
R04639	r0708
R06869	r0789
0124#2	r0860
