gh	ec
GH1	3.2.1.21
GH1	3.2.1.23
GH1	3.2.1.25
GH1	3.2.1.31
GH1	3.2.1.37
GH1	3.2.1.38
GH1	3.2.1.62
GH1	3.2.1.74
GH1	3.2.1.85
GH1	3.2.1.86
GH1	3.2.1.105
GH1	3.2.1.108
GH1	3.2.1.117
GH1	3.2.1.118
GH1	3.2.1.119
GH1	3.2.1.125
GH1	3.2.1.147
GH1	3.2.1.149
GH1	3.2.1.161
GH1	3.2.1.175
GH1	3.2.1.182
GH1	3.2.1.*
GH1	3.*.*.*
GH1	3.2.1.*
GH2	3.2.1.23
GH2	3.2.1.25
GH2	3.2.1.31
GH2	3.2.1.55
GH2	3.2.1.152
GH2	3.2.1.165
GH2	3.2.1.*
GH2	3.2.1.*
GH2	3.2.1.37
GH2	3.2.1.146
GH2	3.2.1.21
GH3	3.2.1.21
GH3	3.2.1.37
GH3	3.2.1.45
GH3	3.2.1.52
GH3	3.2.1.55
GH3	3.2.1.74
GH3	3.2.1.120
GH3	3.2.1.126
GH3	3.2.1.*
GH3	2.4.1.*
GH3	3.2.1.*
GH3	3.2.1.*
GH3	3.2.1.155
GH4	3.2.1.122
GH4	3.2.1.20
GH4	3.2.1.22
GH4	3.2.1.86
GH4	3.2.1.139
GH4	3.2.1.67
GH4	3.2.1.*
GH5	3.2.1.4
GH5	3.2.1.8
GH5	3.2.1.21
GH5	3.2.1.25
GH5	3.2.1.45
GH5	3.2.1.58
GH5	3.2.1.74
GH5	3.2.1.75
GH5	3.2.1.78
GH5	3.2.1.91
GH5	3.2.1.104
GH5	3.2.1.123
GH5	3.2.1.132
GH5	3.2.1.149
GH5	3.2.1.151
GH5	3.2.1.164
GH5	3.2.1.*
GH5	3.2.1.*
GH5	2.4.1.*
GH5	3.2.1.73
GH5	3.2.1.*
GH5	3.2.1.39
GH5	3.2.1.52
GH5	3.2.1.132
GH5	3.2.1.146
GH5	3.2.1.46
GH5	3.2.1.*
GH5	3.2.1.55
GH5	3.2.1.*
GH6	3.2.1.4
GH6	3.2.1.91
GH6	3.2.1.73
GH7	3.2.1.4
GH7	3.2.1.176
GH7	3.2.1.132
GH7	3.2.1.73
GH8	3.2.1.132
GH8	3.2.1.4
GH8	3.2.1.73
GH8	3.2.1.8
GH8	3.2.1.156
GH9	3.2.1.4
GH9	3.2.1.6
GH9	3.2.1.73
GH9	3.2.1.74
GH9	3.2.1.91
GH9	3.2.1.151
GH9	3.2.1.165
GH9	3.2.1.*
GH10	3.2.1.8
GH10	3.2.1.32
GH10	3.2.1.*
GH10	2.4.2.*
GH10	3.2.1.4
GH11	3.2.1.8
GH11	3.2.1.*
GH12	3.2.1.4
GH12	3.2.1.151
GH12	3.2.1.73
GH12	2.4.1.207
GH13	3.2.1.1
GH13	3.2.1.41
GH13	2.4.1.19
GH13	3.2.1.54
GH13	3.2.1.93
GH13	3.2.1.10
GH13	3.2.1.133
GH13	3.2.1.135
GH13	3.2.1.20
GH13	3.2.1.60
GH13	3.2.1.68
GH13	3.2.1.70
GH13	3.2.1.98
GH13	3.2.1.116
GH13	2.4.1.18
GH13	5.4.99.16
GH13	2.4.1.25
GH13	3.2.1.*
GH13	2.4.1.4
GH13	2.4.1.7
GH13	3.2.1.141
GH13	5.4.99.11
GH13	5.4.99.15
GH13	3.2.1.33
GH13	2.4.99.16
GH13	2.4.1.329
GH13	2.4.1.359
GH13	2.4.1.352
GH13	3.2.1.48
GH13	2.4.1.161
GH13	3.2.1.1
GH14	3.2.1.2
GH15	3.2.1.3
GH15	3.2.1.70
GH15	3.2.1.28
GH15	2.4.1.2
GH16	2.4.1.207
GH16	3.2.1.103
GH16	3.2.1.39
GH16	3.2.1.6
GH16	3.2.1.73
GH16	3.2.1.81
GH16	3.2.1.83
GH16	3.2.1.151
GH16	3.2.1.181
GH16	3.2.1.178
GH16	3.2.1.35
GH16	3.2.1.*
GH16	2.4.1.*
GH16	2.4.1.*
GH16	3.2.1.*
GH16	3.2.1.*
GH17	3.2.1.39
GH17	3.2.1.73
GH17	3.2.1.175
GH17	2.4.1.*
GH17	3.2.1.*
GH18	3.2.1.14
GH18	3.2.1.17
GH18	3.2.1.96
GH18	3.2.1.*
GH18	3.2.1.*
GH19	3.2.1.14
GH19	3.2.1.17
GH20	3.2.1.52
GH20	3.2.1.140
GH20	3.2.1.*
GH20	3.2.1.*
GH22	3.2.1.17
GH22	3.2.1.17
GH23	3.2.1.17
GH23	3.2.1.14
GH24	3.2.1.17
GH25	3.2.1.17
GH26	3.2.1.78
GH26	3.2.1.100
GH26	3.2.1.32
GH26	3.2.1.73
GH26	3.2.1.*
GH27	3.2.1.22
GH27	3.2.1.49
GH27	3.2.1.94
GH27	3.2.1.88
GH27	2.4.1.*
GH28	3.2.1.15
GH28	3.2.1.67
GH28	3.2.1.82
GH28	3.2.1.171
GH28	3.2.1.173
GH28	3.2.1.*
GH29	3.2.1.51
GH29	3.2.1.111
GH29	3.2.1.63
GH30	3.2.1.8
GH30	3.2.1.21
GH30	3.2.1.31
GH30	3.2.1.37
GH30	3.2.1.38
GH30	3.2.1.45
GH30	3.2.1.75
GH30	3.2.1.136
GH30	3.2.1.164
GH30	3.2.1.*
GH31	3.2.1.20
GH31	3.2.1.22
GH31	3.2.1.24
GH31	3.2.1.84
GH31	3.2.1.48
GH31	3.2.1.10
GH31	3.2.1.177
GH31	4.2.2.13
GH31	2.4.1.*
GH31	2.4.1.161
GH31	3.2.1.49
GH31	3.2.1.199
GH32	3.2.1.26
GH32	3.2.1.7
GH32	3.2.1.64
GH32	3.2.1.65
GH32	3.2.1.80
GH32	3.2.1.153
GH32	3.2.1.154
GH32	2.4.1.99
GH32	2.4.1.100
GH32	2.4.1.10
GH32	2.4.1.243
GH32	2.4.1.*
GH32	2.4.1.*
GH32	2.4.1.*
GH33	3.2.1.18
GH33	2.4.1.*
GH33	4.2.2.15
GH33	3.2.1.*
GH33	3.2.1.*
GH34	3.2.1.18
GH35	3.2.1.23
GH35	3.2.1.165
GH35	3.2.1.*
GH35	3.2.1.*
GH36	3.2.1.22
GH36	3.2.1.49
GH36	2.4.1.67
GH36	2.4.1.82
GH37	3.2.1.28
GH38	3.2.1.24
GH38	3.2.1.113
GH38	3.2.1.114
GH38	3.2.1.170
GH38	3.2.1.*
GH39	3.2.1.76
GH39	3.2.1.37
GH39	3.2.1.55
GH39	3.2.1.21
GH39	3.2.1.23
GH39	3.2.1.74
GH42	3.2.1.23
GH42	3.2.1.*
GH43	3.2.1.37
GH43	3.2.1.55
GH43	3.2.1.8
GH43	3.2.1.*
GH43	3.2.1.*
GH43	3.2.1.*
GH43	3.2.1.*
GH43	3.2.1.*
GH43	3.2.1.99
GH43	3.2.1.145
GH43	3.2.1.146
GH44	3.2.1.4
GH44	3.2.1.151
GH45	3.2.1.4
GH45	3.2.1.151
GH45	3.2.1.78
GH46	3.2.1.132
GH47	3.2.1.113
GH48	3.2.1.176
GH48	3.2.1.4
GH48	3.2.1.14
GH49	3.2.1.11
GH49	3.2.1.57
GH49	3.2.1.95
GH49	3.2.1.*
GH50	3.2.1.81
GH51	3.2.1.4
GH51	3.2.1.8
GH51	3.2.1.37
GH51	3.2.1.55
GH51	3.2.1.73
GH52	3.2.1.37
GH53	3.2.1.89
GH54	3.2.1.55
GH54	3.2.1.37
GH55	3.2.1.58
GH55	3.2.1.39
GH56	3.2.1.35
GH56	3.2.1.*
GH57	3.2.1.1
GH57	3.2.1.22
GH57	3.2.1.41
GH57	3.2.1.54
GH57	2.4.1.18
GH57	2.4.1.25
GH58	3.2.1.129
GH59	3.2.1.23
GH59	3.2.1.46
GH62	3.2.1.55
GH63	3.2.1.106
GH63	3.2.1.84
GH63	3.2.1.20
GH63	3.2.1.170
GH63	3.2.1.208
GH64	3.2.1.39
GH65	3.2.1.28
GH65	2.4.1.8
GH65	2.4.1.64
GH65	2.4.1.230
GH65	2.4.1.216
GH65	2.4.1.279
GH65	2.4.1.282
GH65	2.4.1.*
GH65	3.2.1.107
GH65	2.4.1.334
GH66	2.4.1.248
GH66	3.2.1.11
GH67	3.2.1.139
GH67	3.2.1.131
GH68	2.4.1.10
GH68	3.2.1.26
GH68	2.4.1.9
GH70	2.4.1.5
GH70	2.4.1.140
GH70	2.4.1.*
GH70	2.4.1.*
GH70	2.4.1.*
GH70	2.4.1.*
GH71	3.2.1.59
GH72	2.4.1.*
GH73	3.2.1.17
GH73	3.2.1.96
GH73	3.2.1.*
GH74	3.2.1.4
GH74	3.2.1.150
GH74	3.2.1.151
GH75	3.2.1.132
GH76	3.2.1.101
GH76	3.2.1.20
GH77	2.4.1.25
GH78	3.2.1.40
GH78	3.2.1.174
GH78	3.2.1.*
GH79	3.2.1.31
GH79	3.2.1.36
GH79	3.2.1.166
GH79	3.2.1.167
GH79	3.2.1.*
GH80	3.2.1.132
GH81	3.2.1.39
GH82	3.2.1.157
GH83	3.2.1.18
GH84	3.2.1.52
GH84	3.2.1.35
GH84	3.2.1.169
GH85	3.2.1.96
GH86	3.2.1.81
GH86	3.2.1.178
GH87	3.2.1.61
GH87	3.2.1.59
GH88	3.2.1.*
GH89	3.2.1.50
GH90	3.2.1.*
GH91	4.2.2.17
GH91	4.2.2.18
GH91	3.2.1.*
GH92	3.2.1.113
GH92	3.2.1.*
GH92	3.2.1.*
GH92	3.2.1.24
GH92	3.2.1.*
GH92	3.2.1.*
GH92	3.2.1.*
GH92	3.2.1.*
GH93	3.2.1.*
GH94	2.4.1.20
GH94	2.4.1.31
GH94	2.4.1.49
GH94	2.4.1.*
GH94	2.4.1.*
GH94	2.4.1.321
GH94	2.4.1.*
GH95	3.2.1.51
GH95	3.2.1.63
GH95	3.2.1.*
GH96	3.2.1.158
GH97	3.2.1.3
GH97	3.2.1.20
GH97	3.2.1.22
GH98	3.2.1.102
GH98	3.2.1.*
GH98	3.2.1.8
GH99	3.2.1.130
GH99	3.2.1.*
GH100	3.2.1.26
GH101	3.2.1.97
GH102	3.2.1.*
GH103	3.2.1.*
GH104	3.2.1.*
GH105	3.2.1.172
GH105	3.2.1.*
GH105	3.2.1.*
GH106	3.2.1.40
GH106	3.2.1.174
GH107	3.2.1.212
GH108	3.2.1.17
GH109	3.2.1.49
GH109	3.2.1.52
GH110	3.2.1.22
GH110	3.2.1.*
GH111	3.2.1.*
GH112	2.4.1.211
GH112	2.4.1.247
GH113	3.2.1.78
GH114	3.2.1.109
GH115	3.2.1.131
GH115	3.2.1.*
GH116	3.2.1.21
GH116	3.2.1.37
GH116	3.2.1.45
GH116	3.2.1.52
GH117	3.2.1.146
GH117	3.2.1.159
GH118	3.2.1.81
GH119	3.2.1.1
GH120	3.2.1.37
GH121	3.2.1.*
GH122	3.2.1.20
GH123	3.2.1.53
GH123	3.2.1.*
GH124	3.2.1.4
GH125	3.2.1.*
GH126	3.2.1.*
GH127	3.2.1.185
GH127	3.2.1.*
GH127	3.2.1.*
GH128	3.2.1.39
GH128	3.2.1.*
GH129	3.2.1.49
GH129	3.2.1.*
GH130	2.4.1.281
GH130	2.4.1.319
GH130	2.4.1.320
GH130	2.4.1.*
GH130	2.4.1.*
GH130	3.2.1.*
GH131	3.2.1.*
GH132	3.2.1.*
GH133	3.2.1.33
GH134	3.2.1.78
GH135	3.2.1.*
GH136	3.2.1.140
GH136	3.2.1.*
GH137	3.2.1.185
GH138	3.2.1.173
GH139	3.2.1.*
GH140	3.2.1.*
GH141	3.2.1.51
GH141	3.2.1.8
GH142	3.2.1.185
GH143	3.2.1.*
GH144	3.2.1.71
GH144	3.2.1.*
GH145	3.2.1.*
GH146	3.2.1.185
GH147	3.2.1.23
GH148	3.2.1.*
GH149	2.4.1.97
GH150	3.2.1.162
GH151	3.2.1.51
GH152	3.2.1.39
GH153	3.2.1.*
GH154	3.2.1.31
GH154	3.2.1.*
GH154	3.2.1.*
GH156	3.2.1.18
GH157	3.2.1.39
GH158	3.2.1.39
GH159	3.2.1.146
GH160	3.2.1.*
GH161	2.4.1.97
GH162	3.2.1.71
GH163	3.2.1.*
GH164	3.2.1.25
GH165	3.2.1.23
GH166	3.2.1.*
GH167	3.2.1.*
GH168	3.2.1.211
GH169	3.2.1.31
GH169	3.2.1.*
GH170	3.2.1.*
GH171	3.2.1.92